Obs#,Time,Date,configName,configAuthor,remark,Observation,,,gsw,gbw,gtw,E_apparent,VPcham,VPref,VPleaf,VPDleaf,H2O_r,H2O_s,H2O_leaf,leaf_area,leaf_width,flashID,Fo,Fm,Fv/Fm,Fs,Fm',PhiPS2,PS2/1,abs,ETR,TRANS,rh_s,rh_r,Tref,Tmeas,Tleaf,P_atm,flow,flow_s,leak_pct,Qamb,batt,match_time,match_date,rh_adj,type,gsw1sec,gsw2sec,gsw4sec,flr1sec,flr2sec,flr4sec,auto,flow_set,gsw_limit,gsw_period,aw,Bla,Blb,Blc,Bld,Ble,chamber,dark,flash_type,flash_intensity,modrate,flr_limit,flr_period,P1_dur,P2_dur,P3_dur,P1_Fmax,P2_ramp,P2_slp,P3_Fmax,P3_Pred,P3_DeltaF,v_humA,v_humB,v_flowIn,v_flowOut,v_temp,v_irt,v_pres,v_par,v_F,i_LED,b_rhr,m_rhr,span_rhr,b_rhs,m_rhs,span_rhs,z_flowIn,z_flowOut,z_quantum,z_flr,flashId,lciSerNum,lcpSerNum,lcfSerNum,lcrhSerNum,version,configUpdatedAt,MEASUREMENT_HEADER_END
flashId,time,date,lciSerialNumber,lcpSerialNumber,lcfSerialNumber,Fm,Fo,Fv/Fm,Fm',Fs,PhiPS2,LightIntensity,data[],FLASH_HEADER_END
Obs#,Time,Date,configName,configAuthor,remark,Observation,,,gsw,gbw,gtw,E_apparent,VPcham,VPref,VPleaf,VPDleaf,H2O_r,H2O_s,H2O_leaf,leaf_area,leaf_width,flashID,Fo,Fm,Fv/Fm,Fs,Fm',PhiPS2,PS2/1,abs,ETR,TRANS,rh_s,rh_r,Tref,Tmeas,Tleaf,P_atm,flow,flow_s,leak_pct,Qamb,batt,match_time,match_date,rh_adj,type,gsw1sec,gsw2sec,gsw4sec,flr1sec,flr2sec,flr4sec,auto,flow_set,gsw_limit,gsw_period,aw,Bla,Blb,Blc,Bld,Ble,chamber,dark,flash_type,flash_intensity,modrate,flr_limit,flr_period,P1_dur,P2_dur,P3_dur,P1_Fmax,P2_ramp,P2_slp,P3_Fmax,P3_Pred,P3_DeltaF,v_humA,v_humB,v_flowIn,v_flowOut,v_temp,v_irt,v_pres,v_par,v_F,i_LED,b_rhr,m_rhr,span_rhr,b_rhs,m_rhs,span_rhs,z_flowIn,z_flowOut,z_quantum,z_flr,flashId,lciSerNum,lcpSerNum,lcfSerNum,lcrhSerNum,version,configUpdatedAt,MEASUREMENT_HEADER_END
flashId,time,date,lciSerialNumber,lcpSerialNumber,lcfSerialNumber,Fm,Fo,Fv/Fm,Fm',Fs,PhiPS2,LightIntensity,data[],FLASH_HEADER_END
1,10:29:01,2026-07-16,Auto gsw+F,LI-COR Default,,001,,,-0.054322,2.916404,-0.055353,-0.395046,3.704749,3.714245,4.308593,0.603844,41.913700,41.806534,48.620667,0.441786,7.500000,PSF-00548_20260716102901_edf,0.000000,0.000000,0.000000,106.619240,511.330994,0.791487,0.5,0.80,0.487071,1.000000,81.81,82.02,31.07,30.20,30.20,88.62,156.0,154.6,0.9,2,3.784,10:28:45,2026-07-16,-0.25,1,0.001,-0.005,-9999.000,0.908,1.871,-9999.000,1,150,0.005,2.000000,0.058905,0.000000,0.029230,0.000000,0.000000,-0.000068,standard,0,mpf,7000,500,5.000000,2.000000,300,300,300,503.786072,25,-5.876113,498.842224,502.921295,-4.079071,2.509096,2.492771,1.654464,0.926782,0.214456,-0.009829,0.203367,0.108566,106.619240,0.000226,2.389264,-0.000064,1.000000,2.373994,-0.000050,1.000000,0.600671,0.600225,0.107215,0.000000,PSF-00548_20260716102901_edf,PFA-00618,PSA-00618,PSF-00548,RHS-0688,3.0.0,2022-04-21T19:36:20.491Z,MEASUREMENT_END
PSF-00548_20260716102901_edf,10:29:01,2026-07-16,PFA-00618,PSA-00618,PSF-00548,0.000000,0.000000,0.000000,511.330994,106.619240,0.791487,8.216826,TIME,0.000000,0.010000,0.020000,0.030000,0.040000,0.050000,0.060000,0.070000,0.080000,0.090000,0.100000,0.110000,0.120000,0.130000,0.140000,0.150000,0.160000,0.170000,0.180000,0.190000,0.200000,0.210000,0.220000,0.230000,0.240000,0.250000,0.260000,0.270000,0.280000,0.290000,0.300000,0.310000,0.320000,0.330000,0.340000,0.350000,0.360000,0.370000,0.380000,0.390000,0.400000,0.410000,0.420000,0.430000,0.440000,0.450000,0.460000,0.470000,0.480000,0.490000,0.500000,0.510000,0.520000,0.530000,0.540000,0.550000,0.560000,0.570000,0.580000,0.590000,0.600000,0.610000,0.620000,0.630000,0.640000,0.650000,0.660000,0.670000,0.680000,0.690000,0.700000,0.710000,0.720000,0.730000,0.740000,0.750000,0.760000,0.770000,0.780000,0.790000,0.800000,0.810000,0.820000,0.830000,0.839999,0.849999,0.859999,0.869999,0.879999,0.889999,FLR,269.258026,430.605042,475.514160,486.363525,490.358246,492.720001,494.516022,496.030579,497.360931,498.510712,499.592896,500.431183,501.177185,501.821289,502.320526,502.756470,503.091217,503.350494,503.530396,503.670929,503.782501,503.776428,503.786072,503.772125,503.695251,503.614441,503.507507,503.401276,503.284698,503.148438,503.033997,502.959259,502.817261,502.779358,502.609497,502.567657,502.414581,502.336609,502.178192,502.103088,502.053741,501.843811,501.811279,501.666779,501.608490,501.525177,501.372101,501.296295,501.254425,501.087433,501.088135,501.002655,500.830292,500.794525,500.716919,500.638245,500.518433,500.487335,500.443695,500.368958,498.783936,498.842224,498.771423,498.635529,498.508942,498.376251,498.255005,498.139496,498.041870,497.911682,497.809052,497.702118,497.618805,497.525452,497.435699,497.324097,497.221466,497.128143,497.031921,496.952179,496.874939,496.718292,496.641388,496.557007,496.430054,496.362091,496.257294,496.171844,496.061676,495.992676,PAR,6987.300293,6987.300293,6987.300293,6987.300293,6987.300293,6987.300293,6987.300293,6987.300293,6987.300293,6987.300293,6987.300293,6987.300293,6987.300293,6987.300293,6987.300293,6987.300293,6987.300293,6987.300293,6987.300293,6987.300293,6987.300293,6987.300293,6987.300293,6987.300293,6987.300293,6987.300293,6987.300293,6987.300293,6987.300293,6987.300293,6929.077148,6870.854004,6812.630859,6754.407715,6696.184570,6637.961914,6579.738770,6521.515625,6463.292480,6405.069336,6346.846680,6288.623535,6230.400391,6172.177246,6113.954102,6055.730957,5997.508301,5939.285156,5881.062012,5822.838867,5764.615723,5706.393066,5648.169922,5589.946777,5531.723633,5473.500488,5415.277344,5357.054688,5298.831543,5240.608398,6987.300293,6987.300293,6987.300293,6987.300293,6987.300293,6987.300293,6987.300293,6987.300293,6987.300293,6987.300293,6987.300293,6987.300293,6987.300293,6987.300293,6987.300293,6987.300293,6987.300293,6987.300293,6987.300293,6987.300293,6987.300293,6987.300293,6987.300293,6987.300293,6987.300293,6987.300293,6987.300293,6987.300293,6987.300293,6987.300293,PHASE,1,1,1,1,1,1,1,1,1,1,1,1,1,1,1,1,1,1,1,1,1,1,1,1,1,1,1,1,1,1,2,2,2,2,2,2,2,2,2,2,2,2,2,2,2,2,2,2,2,2,2,2,2,2,2,2,2,2,2,2,3,3,3,3,3,3,3,3,3,3,3,3,3,3,3,3,3,3,3,3,3,3,3,3,3,3,3,3,3,3,FLASH_END
2,10:29:14,2026-07-16,Auto gsw+F,LI-COR Default,,002,,,-0.030118,2.920889,-0.030432,-0.248505,3.705358,3.711311,4.395931,0.690573,41.879879,41.812702,49.605400,0.441786,7.500000,PSF-00548_20260716102914_98b,0.000000,0.000000,0.000000,108.501434,502.635223,0.784135,0.5,0.80,0.886528,1.000000,81.84,81.97,31.06,30.55,30.55,88.62,156.6,154.5,1.4,3,3.743,10:28:45,2026-07-16,-0.25,1,0.001,0.002,0.014,0.763,1.615,3.064,1,150,0.005,2.000000,0.058905,0.000000,0.029230,0.000000,0.000000,-0.000068,standard,0,mpf,7000,500,5.000000,2.000000,300,300,300,492.451416,25,-7.726943,487.188934,491.576660,-4.387726,2.509032,2.492812,1.659076,0.926494,0.214485,-0.005706,0.205214,0.109697,108.501434,0.000225,2.389264,-0.000064,1.000000,2.373994,-0.000050,1.000000,0.600671,0.600225,0.107215,0.000000,PSF-00548_20260716102914_98b,PFA-00618,PSA-00618,PSF-00548,RHS-0688,3.0.0,2022-04-21T19:36:20.491Z,MEASUREMENT_END
PSF-00548_20260716102914_98b,10:29:14,2026-07-16,PFA-00618,PSA-00618,PSF-00548,0.000000,0.000000,0.000000,502.635223,108.501434,0.784135,9.504812,TIME,0.000000,0.010000,0.020000,0.030000,0.040000,0.050000,0.060000,0.070000,0.080000,0.090000,0.100000,0.110000,0.120000,0.130000,0.140000,0.150000,0.160000,0.170000,0.180000,0.190000,0.200000,0.210000,0.220000,0.230000,0.240000,0.250000,0.260000,0.270000,0.280000,0.290000,0.300000,0.310000,0.320000,0.330000,0.340000,0.350000,0.360000,0.370000,0.380000,0.390000,0.400000,0.410000,0.420000,0.430000,0.440000,0.450000,0.460000,0.470000,0.480000,0.490000,0.500000,0.510000,0.520000,0.530000,0.540000,0.550000,0.560000,0.570000,0.580000,0.590000,0.600000,0.610000,0.620000,0.630000,0.640000,0.650000,0.660000,0.670000,0.680000,0.690000,0.700000,0.710000,0.720000,0.730000,0.740000,0.750000,0.760000,0.770000,0.780000,0.790000,0.800000,0.810000,0.820000,0.830000,0.839999,0.849999,0.859999,0.869999,0.879999,0.889999,FLR,269.300232,419.417023,460.722321,472.006195,476.968292,480.126495,482.451447,484.422333,486.062775,487.408508,488.565094,489.484558,490.228760,490.858551,491.329559,491.691101,491.969360,492.175354,492.312683,492.395630,492.451416,492.417816,492.407806,492.385254,492.311951,492.220032,492.124207,492.002258,491.882446,491.732239,491.649994,491.535889,491.371033,491.321686,491.140015,491.088165,490.910767,490.804199,490.618225,490.531311,490.447632,490.250946,490.171906,489.992371,489.899750,489.765991,489.628326,489.503510,489.385834,489.221680,489.185211,489.037170,488.874084,488.798615,488.669861,488.534332,488.394501,488.325134,488.259674,488.132355,487.105255,487.188934,487.068787,486.911407,486.727966,486.555939,486.414307,486.248016,486.126434,485.970490,485.878937,485.712646,485.577454,485.453369,485.318542,485.177643,485.055695,484.916199,484.784607,484.660156,484.572174,484.398376,484.261383,484.150543,484.064697,483.930237,483.817230,483.704559,483.586914,483.447418,PAR,6987.300293,6987.300293,6987.300293,6987.300293,6987.300293,6987.300293,6987.300293,6987.300293,6987.300293,6987.300293,6987.300293,6987.300293,6987.300293,6987.300293,6987.300293,6987.300293,6987.300293,6987.300293,6987.300293,6987.300293,6987.300293,6987.300293,6987.300293,6987.300293,6987.300293,6987.300293,6987.300293,6987.300293,6987.300293,6987.300293,6929.077148,6870.854004,6812.630859,6754.407715,6696.184570,6637.961914,6579.738770,6521.515625,6463.292480,6405.069336,6346.846680,6288.623535,6230.400391,6172.177246,6113.954102,6055.730957,5997.508301,5939.285156,5881.062012,5822.838867,5764.615723,5706.393066,5648.169922,5589.946777,5531.723633,5473.500488,5415.277344,5357.054688,5298.831543,5240.608398,6987.300293,6987.300293,6987.300293,6987.300293,6987.300293,6987.300293,6987.300293,6987.300293,6987.300293,6987.300293,6987.300293,6987.300293,6987.300293,6987.300293,6987.300293,6987.300293,6987.300293,6987.300293,6987.300293,6987.300293,6987.300293,6987.300293,6987.300293,6987.300293,6987.300293,6987.300293,6987.300293,6987.300293,6987.300293,6987.300293,PHASE,1,1,1,1,1,1,1,1,1,1,1,1,1,1,1,1,1,1,1,1,1,1,1,1,1,1,1,1,1,1,2,2,2,2,2,2,2,2,2,2,2,2,2,2,2,2,2,2,2,2,2,2,2,2,2,2,2,2,2,2,3,3,3,3,3,3,3,3,3,3,3,3,3,3,3,3,3,3,3,3,3,3,3,3,3,3,3,3,3,3,FLASH_END
3,10:29:27,2026-07-16,Auto gsw+F,LI-COR Default,,003,,,-0.030018,2.918500,-0.030330,-0.237151,3.693586,3.699279,4.355055,0.661469,41.741982,41.677746,49.141647,0.441786,7.500000,PSF-00548_20260716102927_1ba,0.000000,0.000000,0.000000,112.022995,508.509949,0.779703,0.5,0.80,0.862849,1.000000,81.61,81.73,31.06,30.38,30.38,88.62,156.3,154.5,1.2,3,3.782,10:28:45,2026-07-16,-0.25,1,0.004,-0.000,0.013,0.839,1.696,3.384,1,150,0.005,2.000000,0.058905,0.000000,0.029230,0.000000,0.000000,-0.000068,standard,0,mpf,7000,500,5.000000,2.000000,300,300,300,504.492401,25,-3.072596,501.444702,504.112549,-2.667847,2.508717,2.492505,1.656614,0.926493,0.214536,-0.007540,0.207085,0.109645,112.022995,0.000221,2.389264,-0.000064,1.000000,2.373994,-0.000050,1.000000,0.600671,0.600225,0.107215,0.000000,PSF-00548_20260716102927_1ba,PFA-00618,PSA-00618,PSF-00548,RHS-0688,3.0.0,2022-04-21T19:36:20.491Z,MEASUREMENT_END
PSF-00548_20260716102927_1ba,10:29:27,2026-07-16,PFA-00618,PSA-00618,PSF-00548,0.000000,0.000000,0.000000,508.509949,112.022995,0.779703,9.444953,TIME,0.000000,0.010000,0.020000,0.030000,0.040000,0.050000,0.060000,0.070000,0.080000,0.090000,0.100000,0.110000,0.120000,0.130000,0.140000,0.150000,0.160000,0.170000,0.180000,0.190000,0.200000,0.210000,0.220000,0.230000,0.240000,0.250000,0.260000,0.270000,0.280000,0.290000,0.300000,0.310000,0.320000,0.330000,0.340000,0.350000,0.360000,0.370000,0.380000,0.390000,0.400000,0.410000,0.420000,0.430000,0.440000,0.450000,0.460000,0.470000,0.480000,0.490000,0.500000,0.510000,0.520000,0.530000,0.540000,0.550000,0.560000,0.570000,0.580000,0.590000,0.600000,0.610000,0.620000,0.630000,0.640000,0.650000,0.660000,0.670000,0.680000,0.690000,0.700000,0.710000,0.720000,0.730000,0.740000,0.750000,0.760000,0.770000,0.780000,0.790000,0.800000,0.810000,0.820000,0.830000,0.839999,0.849999,0.859999,0.869999,0.879999,0.889999,FLR,281.251801,435.720215,479.013916,490.332489,494.558228,496.821655,498.320465,499.455566,500.390411,501.103516,501.760834,502.266541,502.730377,503.100159,503.408783,503.667725,503.905548,504.080414,504.237427,504.339691,504.448761,504.447693,504.474518,504.492401,504.453064,504.425873,504.380829,504.316101,504.270660,504.163757,504.127991,504.112610,504.004242,504.029999,503.907684,503.914490,503.833649,503.821503,503.704895,503.685608,503.695251,503.537170,503.532166,503.492462,503.465637,503.423462,503.333344,503.330475,503.299011,503.203522,503.187073,503.108368,502.993225,503.020416,502.941010,502.910248,502.824066,502.798676,502.791534,502.727509,501.298431,501.444702,501.370300,501.258362,501.142151,500.982635,500.868195,500.774506,500.675446,500.553497,500.471588,500.365021,500.262024,500.175110,500.065674,499.956970,499.885437,499.779938,499.684448,499.573578,499.509918,499.380829,499.287140,499.205231,499.085785,498.959198,498.812195,498.692047,498.552551,498.357666,PAR,6987.300293,6987.300293,6987.300293,6987.300293,6987.300293,6987.300293,6987.300293,6987.300293,6987.300293,6987.300293,6987.300293,6987.300293,6987.300293,6987.300293,6987.300293,6987.300293,6987.300293,6987.300293,6987.300293,6987.300293,6987.300293,6987.300293,6987.300293,6987.300293,6987.300293,6987.300293,6987.300293,6987.300293,6987.300293,6987.300293,6929.077148,6870.854004,6812.630859,6754.407715,6696.184570,6637.961914,6579.738770,6521.515625,6463.292480,6405.069336,6346.846680,6288.623535,6230.400391,6172.177246,6113.954102,6055.730957,5997.508301,5939.285156,5881.062012,5822.838867,5764.615723,5706.393066,5648.169922,5589.946777,5531.723633,5473.500488,5415.277344,5357.054688,5298.831543,5240.608398,6987.300293,6987.300293,6987.300293,6987.300293,6987.300293,6987.300293,6987.300293,6987.300293,6987.300293,6987.300293,6987.300293,6987.300293,6987.300293,6987.300293,6987.300293,6987.300293,6987.300293,6987.300293,6987.300293,6987.300293,6987.300293,6987.300293,6987.300293,6987.300293,6987.300293,6987.300293,6987.300293,6987.300293,6987.300293,6987.300293,PHASE,1,1,1,1,1,1,1,1,1,1,1,1,1,1,1,1,1,1,1,1,1,1,1,1,1,1,1,1,1,1,2,2,2,2,2,2,2,2,2,2,2,2,2,2,2,2,2,2,2,2,2,2,2,2,2,2,2,2,2,2,3,3,3,3,3,3,3,3,3,3,3,3,3,3,3,3,3,3,3,3,3,3,3,3,3,3,3,3,3,3,FLASH_END
4,10:29:52,2026-07-16,Auto gsw+F,LI-COR Default,,004,,,-0.044312,2.920539,-0.044995,-0.355247,3.722833,3.731342,4.390366,0.667533,42.112095,42.016060,49.549862,0.441786,7.500000,PSF-00548_20260716102952_c14,0.000000,0.000000,0.000000,111.543777,498.871460,0.776408,0.5,0.80,0.458442,1.000000,82.30,82.49,31.05,30.52,30.52,88.61,156.6,154.6,1.2,1,3.783,10:28:45,2026-07-16,-0.25,1,-0.002,0.003,0.013,0.711,1.589,3.309,1,150,0.005,2.000000,0.058905,0.000000,0.029230,0.000000,0.000000,-0.000068,standard,0,mpf,7000,500,5.000000,2.000000,300,300,300,496.068848,25,-2.250813,493.236053,495.650177,-2.414124,2.509726,2.493429,1.658715,0.926815,0.214619,-0.005778,0.210532,0.108511,111.543777,0.000225,2.389264,-0.000064,1.000000,2.373994,-0.000050,1.000000,0.600671,0.600225,0.107215,0.000000,PSF-00548_20260716102952_c14,PFA-00618,PSA-00618,PSF-00548,RHS-0688,3.0.0,2022-04-21T19:36:20.491Z,MEASUREMENT_END
PSF-00548_20260716102952_c14,10:29:52,2026-07-16,PFA-00618,PSA-00618,PSF-00548,0.000000,0.000000,0.000000,498.871460,111.543777,0.776408,8.154524,TIME,0.000000,0.010000,0.020000,0.030000,0.040000,0.050000,0.060000,0.070000,0.080000,0.090000,0.100000,0.110000,0.120000,0.130000,0.140000,0.150000,0.160000,0.170000,0.180000,0.190000,0.200000,0.210000,0.220000,0.230000,0.240000,0.250000,0.260000,0.270000,0.280000,0.290000,0.300000,0.310000,0.320000,0.330000,0.340000,0.350000,0.360000,0.370000,0.380000,0.390000,0.400000,0.410000,0.420000,0.430000,0.440000,0.450000,0.460000,0.470000,0.480000,0.490000,0.500000,0.510000,0.520000,0.530000,0.540000,0.550000,0.560000,0.570000,0.580000,0.590000,0.600000,0.610000,0.620000,0.630000,0.640000,0.650000,0.660000,0.670000,0.680000,0.690000,0.700000,0.710000,0.720000,0.730000,0.740000,0.750000,0.760000,0.770000,0.780000,0.790000,0.800000,0.810000,0.820000,0.830000,0.839999,0.849999,0.859999,0.869999,0.879999,0.889999,FLR,286.119110,439.375153,475.446594,484.070435,487.432129,489.470245,490.900024,491.955414,492.834442,493.482819,494.042145,494.430908,494.783508,495.072845,495.290985,495.470520,495.632538,495.754852,495.861053,495.929718,496.010529,496.009460,496.047729,496.068848,496.034851,495.973358,495.907532,495.831360,495.767365,495.665436,495.603912,495.635040,495.537048,495.614990,495.520599,495.545624,495.454773,495.426544,495.336761,495.309235,495.365021,495.230194,495.263458,495.184052,495.158661,495.176544,495.073547,495.048889,495.087860,494.965210,495.018127,494.960541,494.877563,494.852905,494.789612,494.764557,494.669800,494.660858,494.655121,494.611847,493.098022,493.236053,493.164886,493.057251,492.930298,492.820129,492.718567,492.641693,492.560516,492.425690,492.333405,492.158539,492.061249,491.950378,491.849182,491.726868,491.632446,491.543060,491.359955,491.206177,491.126770,490.972992,490.872864,490.800262,490.673309,490.571381,490.470886,490.369324,490.270630,490.180847,PAR,6987.300293,6987.300293,6987.300293,6987.300293,6987.300293,6987.300293,6987.300293,6987.300293,6987.300293,6987.300293,6987.300293,6987.300293,6987.300293,6987.300293,6987.300293,6987.300293,6987.300293,6987.300293,6987.300293,6987.300293,6987.300293,6987.300293,6987.300293,6987.300293,6987.300293,6987.300293,6987.300293,6987.300293,6987.300293,6987.300293,6929.077148,6870.854004,6812.630859,6754.407715,6696.184570,6637.961914,6579.738770,6521.515625,6463.292480,6405.069336,6346.846680,6288.623535,6230.400391,6172.177246,6113.954102,6055.730957,5997.508301,5939.285156,5881.062012,5822.838867,5764.615723,5706.393066,5648.169922,5589.946777,5531.723633,5473.500488,5415.277344,5357.054688,5298.831543,5240.608398,6987.300293,6987.300293,6987.300293,6987.300293,6987.300293,6987.300293,6987.300293,6987.300293,6987.300293,6987.300293,6987.300293,6987.300293,6987.300293,6987.300293,6987.300293,6987.300293,6987.300293,6987.300293,6987.300293,6987.300293,6987.300293,6987.300293,6987.300293,6987.300293,6987.300293,6987.300293,6987.300293,6987.300293,6987.300293,6987.300293,PHASE,1,1,1,1,1,1,1,1,1,1,1,1,1,1,1,1,1,1,1,1,1,1,1,1,1,1,1,1,1,1,2,2,2,2,2,2,2,2,2,2,2,2,2,2,2,2,2,2,2,2,2,2,2,2,2,2,2,2,2,2,3,3,3,3,3,3,3,3,3,3,3,3,3,3,3,3,3,3,3,3,3,3,3,3,3,3,3,3,3,3,FLASH_END
5,10:30:04,2026-07-16,Auto gsw+F,LI-COR Default,,005,,,-0.048796,2.919409,-0.049625,-0.390383,3.723064,3.732424,4.388202,0.665137,42.123112,42.017487,49.524048,0.441786,7.500000,PSF-00548_20260716103004_805,0.000000,0.000000,0.000000,114.625809,514.000793,0.776993,0.5,0.80,0.373361,1.000000,82.32,82.53,31.04,30.52,30.52,88.61,156.4,154.3,1.4,1,3.781,10:28:45,2026-07-16,-0.25,1,-0.000,0.001,0.009,0.984,2.057,4.354,1,150,0.005,2.000000,0.058905,0.000000,0.029230,0.000000,0.000000,-0.000068,standard,0,mpf,7000,500,5.000000,2.000000,300,300,300,506.109955,25,-5.781572,501.512634,505.726379,-4.213745,2.509787,2.493465,1.657549,0.926008,0.214658,-0.005825,0.211997,0.108270,114.625809,0.000226,2.389264,-0.000064,1.000000,2.373994,-0.000050,1.000000,0.600671,0.600225,0.107215,0.000000,PSF-00548_20260716103004_805,PFA-00618,PSA-00618,PSF-00548,RHS-0688,3.0.0,2022-04-21T19:36:20.491Z,MEASUREMENT_END
PSF-00548_20260716103004_805,10:30:04,2026-07-16,PFA-00618,PSA-00618,PSF-00548,0.000000,0.000000,0.000000,514.000793,114.625809,0.776993,7.879661,TIME,0.000000,0.010000,0.020000,0.030000,0.040000,0.050000,0.060000,0.070000,0.080000,0.090000,0.100000,0.110000,0.120000,0.130000,0.140000,0.150000,0.160000,0.170000,0.180000,0.190000,0.200000,0.210000,0.220000,0.230000,0.240000,0.250000,0.260000,0.270000,0.280000,0.290000,0.300000,0.310000,0.320000,0.330000,0.340000,0.350000,0.360000,0.370000,0.380000,0.390000,0.400000,0.410000,0.420000,0.430000,0.440000,0.450000,0.460000,0.470000,0.480000,0.490000,0.500000,0.510000,0.520000,0.530000,0.540000,0.550000,0.560000,0.570000,0.580000,0.590000,0.600000,0.610000,0.620000,0.630000,0.640000,0.650000,0.660000,0.670000,0.680000,0.690000,0.700000,0.710000,0.720000,0.730000,0.740000,0.750000,0.760000,0.770000,0.780000,0.790000,0.800000,0.810000,0.820000,0.830000,0.839999,0.849999,0.859999,0.869999,0.879999,0.889999,FLR,290.838715,443.888062,482.555511,492.786530,496.640320,498.690247,500.074280,501.132141,502.010834,502.737518,503.393402,503.871918,504.323975,504.712708,505.024902,505.310669,505.549561,505.715851,505.856049,505.949036,506.057373,506.077423,506.079926,506.109955,506.075256,506.021271,505.962616,505.870697,505.786652,505.685791,505.613556,505.614624,505.484467,505.519867,505.390045,505.389679,505.239838,505.168304,505.034210,504.987732,504.997009,504.791382,504.751678,504.615082,504.510284,504.436249,504.270660,504.207367,504.127258,503.971344,503.935211,503.798615,503.638397,503.613342,503.514648,503.444550,503.316528,503.263947,503.228180,503.122681,501.454010,501.512634,501.397491,501.255524,501.053467,500.913269,500.773071,500.631439,500.526306,500.362518,500.237335,500.031006,499.840393,499.681580,499.523163,499.383331,499.220612,499.114044,498.959198,498.827942,498.707428,498.536835,498.376251,498.263947,498.108032,497.951385,497.781525,497.611298,497.460724,497.309814,PAR,6987.300293,6987.300293,6987.300293,6987.300293,6987.300293,6987.300293,6987.300293,6987.300293,6987.300293,6987.300293,6987.300293,6987.300293,6987.300293,6987.300293,6987.300293,6987.300293,6987.300293,6987.300293,6987.300293,6987.300293,6987.300293,6987.300293,6987.300293,6987.300293,6987.300293,6987.300293,6987.300293,6987.300293,6987.300293,6987.300293,6929.077148,6870.854004,6812.630859,6754.407715,6696.184570,6637.961914,6579.738770,6521.515625,6463.292480,6405.069336,6346.846680,6288.623535,6230.400391,6172.177246,6113.954102,6055.730957,5997.508301,5939.285156,5881.062012,5822.838867,5764.615723,5706.393066,5648.169922,5589.946777,5531.723633,5473.500488,5415.277344,5357.054688,5298.831543,5240.608398,6987.300293,6987.300293,6987.300293,6987.300293,6987.300293,6987.300293,6987.300293,6987.300293,6987.300293,6987.300293,6987.300293,6987.300293,6987.300293,6987.300293,6987.300293,6987.300293,6987.300293,6987.300293,6987.300293,6987.300293,6987.300293,6987.300293,6987.300293,6987.300293,6987.300293,6987.300293,6987.300293,6987.300293,6987.300293,6987.300293,PHASE,1,1,1,1,1,1,1,1,1,1,1,1,1,1,1,1,1,1,1,1,1,1,1,1,1,1,1,1,1,1,2,2,2,2,2,2,2,2,2,2,2,2,2,2,2,2,2,2,2,2,2,2,2,2,2,2,2,2,2,2,3,3,3,3,3,3,3,3,3,3,3,3,3,3,3,3,3,3,3,3,3,3,3,3,3,3,3,3,3,3,FLASH_END
6,10:30:20,2026-07-16,Auto gsw+F,LI-COR Default,,006,,,-0.037519,2.918667,-0.038007,-0.275381,3.731708,3.738314,4.344510,0.612801,42.186138,42.111591,49.026932,0.441786,7.500000,PSF-00548_20260716103020_7f0,0.000000,0.000000,0.000000,104.701996,491.029846,0.786771,0.5,0.80,0.603989,1.000000,82.53,82.68,31.04,30.34,30.34,88.61,156.3,154.6,1.1,2,3.782,10:28:45,2026-07-16,-0.25,1,-0.003,-0.001,0.008,0.643,1.235,2.446,1,150,0.005,2.000000,0.058905,0.000000,0.029230,0.000000,0.000000,-0.000068,standard,0,mpf,7000,500,5.000000,2.000000,300,300,300,484.669098,25,-4.745252,481.412170,484.238586,-2.826416,2.509984,2.493743,1.656785,0.926713,0.214687,-0.007822,0.214143,0.108901,104.701996,0.000228,2.389264,-0.000064,1.000000,2.373994,-0.000050,1.000000,0.600671,0.600225,0.107215,0.000000,PSF-00548_20260716103020_7f0,PFA-00618,PSA-00618,PSF-00548,RHS-0688,3.0.0,2022-04-21T19:36:20.491Z,MEASUREMENT_END
PSF-00548_20260716103020_7f0,10:30:20,2026-07-16,PFA-00618,PSA-00618,PSF-00548,0.000000,0.000000,0.000000,491.029846,104.701996,0.786771,8.597562,TIME,0.000000,0.010000,0.020000,0.030000,0.040000,0.050000,0.060000,0.070000,0.080000,0.090000,0.100000,0.110000,0.120000,0.130000,0.140000,0.150000,0.160000,0.170000,0.180000,0.190000,0.200000,0.210000,0.220000,0.230000,0.240000,0.250000,0.260000,0.270000,0.280000,0.290000,0.300000,0.310000,0.320000,0.330000,0.340000,0.350000,0.360000,0.370000,0.380000,0.390000,0.400000,0.410000,0.420000,0.430000,0.440000,0.450000,0.460000,0.470000,0.480000,0.490000,0.500000,0.510000,0.520000,0.530000,0.540000,0.550000,0.560000,0.570000,0.580000,0.590000,0.600000,0.610000,0.620000,0.630000,0.640000,0.650000,0.660000,0.670000,0.680000,0.690000,0.700000,0.710000,0.720000,0.730000,0.740000,0.750000,0.760000,0.770000,0.780000,0.790000,0.800000,0.810000,0.820000,0.830000,0.839999,0.849999,0.859999,0.869999,0.879999,0.889999,FLR,265.362396,421.015991,459.710602,468.854065,472.654236,475.131165,476.964355,478.413116,479.616882,480.564941,481.403595,482.021210,482.569824,483.036530,483.385925,483.701355,483.968506,484.171631,484.339355,484.452362,484.569305,484.604706,484.644775,484.669098,484.640472,484.598999,484.536774,484.493866,484.438416,484.321106,484.281769,484.230652,484.122986,484.099030,483.962402,483.947754,483.836517,483.770020,483.659149,483.596558,483.569397,483.396637,483.357666,483.259308,483.161316,483.121979,483.017212,482.957489,482.902405,482.797607,482.788330,482.663147,482.578400,482.541565,482.455719,482.379211,482.296936,482.268341,482.201813,482.095612,481.207611,481.412170,481.360687,481.238007,481.099976,480.979095,480.877167,480.761658,480.670105,480.543488,480.479126,480.353607,480.256683,480.169769,480.053192,479.971649,479.854340,479.737396,479.629028,479.533905,479.483124,479.343292,479.239227,479.146973,479.038239,478.944550,478.836182,478.727814,478.658081,478.546509,PAR,6987.300293,6987.300293,6987.300293,6987.300293,6987.300293,6987.300293,6987.300293,6987.300293,6987.300293,6987.300293,6987.300293,6987.300293,6987.300293,6987.300293,6987.300293,6987.300293,6987.300293,6987.300293,6987.300293,6987.300293,6987.300293,6987.300293,6987.300293,6987.300293,6987.300293,6987.300293,6987.300293,6987.300293,6987.300293,6987.300293,6929.077148,6870.854004,6812.630859,6754.407715,6696.184570,6637.961914,6579.738770,6521.515625,6463.292480,6405.069336,6346.846680,6288.623535,6230.400391,6172.177246,6113.954102,6055.730957,5997.508301,5939.285156,5881.062012,5822.838867,5764.615723,5706.393066,5648.169922,5589.946777,5531.723633,5473.500488,5415.277344,5357.054688,5298.831543,5240.608398,6987.300293,6987.300293,6987.300293,6987.300293,6987.300293,6987.300293,6987.300293,6987.300293,6987.300293,6987.300293,6987.300293,6987.300293,6987.300293,6987.300293,6987.300293,6987.300293,6987.300293,6987.300293,6987.300293,6987.300293,6987.300293,6987.300293,6987.300293,6987.300293,6987.300293,6987.300293,6987.300293,6987.300293,6987.300293,6987.300293,PHASE,1,1,1,1,1,1,1,1,1,1,1,1,1,1,1,1,1,1,1,1,1,1,1,1,1,1,1,1,1,1,2,2,2,2,2,2,2,2,2,2,2,2,2,2,2,2,2,2,2,2,2,2,2,2,2,2,2,2,2,2,3,3,3,3,3,3,3,3,3,3,3,3,3,3,3,3,3,3,3,3,3,3,3,3,3,3,3,3,3,3,FLASH_END
7,10:31:26,2026-07-16,Auto gsw+F,LI-COR Default,,007,,,-0.066769,2.917530,-0.068333,-0.445348,3.811767,3.822447,4.362514,0.550746,43.146637,43.026085,49.242744,0.441786,7.500000,PSF-00548_20260716103126_4c4,0.000000,0.000000,0.000000,101.697922,458.951691,0.778413,0.5,0.80,1.214528,1.000000,84.14,84.38,31.07,30.41,30.41,88.59,156.2,154.7,1.0,4,3.778,10:31:13,2026-07-16,-0.16,1,0.006,0.003,-9999.000,0.302,0.742,-9999.000,1,150,0.005,2.000000,0.058905,0.000000,0.029230,0.000000,0.000000,-0.000068,standard,0,mpf,7000,500,5.000000,2.000000,300,300,300,455.422638,25,-2.348991,454.001434,455.589905,-1.588470,2.512240,2.495764,1.655617,0.927010,0.214405,-0.007373,0.222853,0.110641,101.697922,0.000224,2.389264,-0.000064,1.000000,2.373994,-0.000050,1.000000,0.600671,0.600225,0.107215,0.000000,PSF-00548_20260716103126_4c4,PFA-00618,PSA-00618,PSF-00548,RHS-0688,3.0.0,2022-04-21T19:36:20.491Z,MEASUREMENT_END
PSF-00548_20260716103126_4c4,10:31:26,2026-07-16,PFA-00618,PSA-00618,PSF-00548,0.000000,0.000000,0.000000,458.951691,101.697922,0.778413,10.579016,TIME,0.000000,0.010000,0.020000,0.030000,0.040000,0.050000,0.060000,0.070000,0.080000,0.090000,0.100000,0.110000,0.120000,0.130000,0.140000,0.150000,0.160000,0.170000,0.180000,0.190000,0.200000,0.210000,0.220000,0.230000,0.240000,0.250000,0.260000,0.270000,0.280000,0.290000,0.300000,0.310000,0.320000,0.330000,0.340000,0.350000,0.360000,0.370000,0.380000,0.390000,0.400000,0.410000,0.420000,0.430000,0.440000,0.450000,0.460000,0.470000,0.480000,0.490000,0.500000,0.510000,0.520000,0.530000,0.540000,0.550000,0.560000,0.570000,0.580000,0.590000,0.600000,0.610000,0.620000,0.630000,0.640000,0.650000,0.660000,0.670000,0.680000,0.690000,0.700000,0.710000,0.720000,0.730000,0.740000,0.750000,0.760000,0.770000,0.780000,0.790000,0.800000,0.810000,0.820000,0.830000,0.839999,0.849999,0.859999,0.869999,0.879999,0.889999,FLR,243.682983,385.955566,430.931213,443.343048,448.002563,450.391541,451.878540,452.843781,453.506836,453.951721,454.278931,454.516052,454.672333,454.817535,454.936615,455.031403,455.111511,455.173004,455.245605,455.292450,455.353271,455.344666,455.392609,455.400452,455.405487,455.407990,455.422638,455.414429,455.418335,455.409393,455.415497,455.425507,455.375061,455.435883,455.385101,455.424438,455.383301,455.389374,455.358612,455.343262,455.357544,455.263123,455.257782,455.218781,455.198395,455.165863,455.075378,455.023163,454.998505,454.910889,454.924835,454.832550,454.782135,454.749939,454.667694,454.614746,454.535370,454.514984,454.488525,454.418427,453.759308,454.001434,453.999634,453.947083,453.850494,453.754303,453.645233,453.562256,453.474274,453.372345,453.275787,453.123108,453.009369,452.929626,452.818756,452.700378,452.571259,452.471497,452.357422,452.234375,452.155701,451.989044,451.924683,451.815613,451.670776,451.528076,451.387177,451.253784,451.163300,451.007721,PAR,6987.300293,6987.300293,6987.300293,6987.300293,6987.300293,6987.300293,6987.300293,6987.300293,6987.300293,6987.300293,6987.300293,6987.300293,6987.300293,6987.300293,6987.300293,6987.300293,6987.300293,6987.300293,6987.300293,6987.300293,6987.300293,6987.300293,6987.300293,6987.300293,6987.300293,6987.300293,6987.300293,6987.300293,6987.300293,6987.300293,6929.077148,6870.854004,6812.630859,6754.407715,6696.184570,6637.961914,6579.738770,6521.515625,6463.292480,6405.069336,6346.846680,6288.623535,6230.400391,6172.177246,6113.954102,6055.730957,5997.508301,5939.285156,5881.062012,5822.838867,5764.615723,5706.393066,5648.169922,5589.946777,5531.723633,5473.500488,5415.277344,5357.054688,5298.831543,5240.608398,6987.300293,6987.300293,6987.300293,6987.300293,6987.300293,6987.300293,6987.300293,6987.300293,6987.300293,6987.300293,6987.300293,6987.300293,6987.300293,6987.300293,6987.300293,6987.300293,6987.300293,6987.300293,6987.300293,6987.300293,6987.300293,6987.300293,6987.300293,6987.300293,6987.300293,6987.300293,6987.300293,6987.300293,6987.300293,6987.300293,PHASE,1,1,1,1,1,1,1,1,1,1,1,1,1,1,1,1,1,1,1,1,1,1,1,1,1,1,1,1,1,1,2,2,2,2,2,2,2,2,2,2,2,2,2,2,2,2,2,2,2,2,2,2,2,2,2,2,2,2,2,2,3,3,3,3,3,3,3,3,3,3,3,3,3,3,3,3,3,3,3,3,3,3,3,3,3,3,3,3,3,3,FLASH_END
8,10:31:35,2026-07-16,Auto gsw+F,LI-COR Default,,008,,,-0.042034,2.919282,-0.042648,-0.292561,3.811023,3.818029,4.390596,0.579573,43.098595,43.019512,49.561836,0.441786,7.500000,PSF-00548_20260716103135_d77,0.000000,0.000000,0.000000,109.036446,481.167755,0.773392,0.5,0.80,1.471864,1.000000,84.08,84.24,31.08,30.52,30.52,88.59,156.4,154.2,1.4,5,3.778,10:31:13,2026-07-16,-0.16,1,0.004,0.004,-9999.000,0.965,2.095,-9999.000,1,150,0.005,2.000000,0.058905,0.000000,0.029230,0.000000,0.000000,-0.000068,standard,0,mpf,7000,500,5.000000,2.000000,300,300,300,478.575104,25,-2.076275,475.740204,478.196259,-2.456055,2.512049,2.495681,1.657418,0.925941,0.214328,-0.006172,0.223899,0.111394,109.036446,0.000227,2.389264,-0.000064,1.000000,2.373994,-0.000050,1.000000,0.600671,0.600225,0.107215,0.000000,PSF-00548_20260716103135_d77,PFA-00618,PSA-00618,PSF-00548,RHS-0688,3.0.0,2022-04-21T19:36:20.491Z,MEASUREMENT_END
PSF-00548_20260716103135_d77,10:31:35,2026-07-16,PFA-00618,PSA-00618,PSF-00548,0.000000,0.000000,0.000000,481.167755,109.036446,0.773392,11.436180,TIME,0.000000,0.010000,0.020000,0.030000,0.040000,0.050000,0.060000,0.070000,0.080000,0.090000,0.100000,0.110000,0.120000,0.130000,0.140000,0.150000,0.160000,0.170000,0.180000,0.190000,0.200000,0.210000,0.220000,0.230000,0.240000,0.250000,0.260000,0.270000,0.280000,0.290000,0.300000,0.310000,0.320000,0.330000,0.340000,0.350000,0.360000,0.370000,0.380000,0.390000,0.400000,0.410000,0.420000,0.430000,0.440000,0.450000,0.460000,0.470000,0.480000,0.490000,0.500000,0.510000,0.520000,0.530000,0.540000,0.550000,0.560000,0.570000,0.580000,0.590000,0.600000,0.610000,0.620000,0.630000,0.640000,0.650000,0.660000,0.670000,0.680000,0.690000,0.700000,0.710000,0.720000,0.730000,0.740000,0.750000,0.760000,0.770000,0.780000,0.790000,0.800000,0.810000,0.820000,0.830000,0.839999,0.849999,0.859999,0.869999,0.879999,0.889999,FLR,275.006531,427.501556,462.241882,470.260620,473.162781,474.708435,475.685486,476.395721,476.956482,477.321991,477.676025,477.870575,478.055115,478.228912,478.344086,478.430634,478.460327,478.523621,478.554718,478.543274,478.575104,478.533630,478.486420,478.487122,478.448853,478.387726,478.356232,478.294373,478.231079,478.155243,478.133087,478.151306,478.072632,478.117706,478.021515,478.051178,477.992523,477.997528,477.938171,477.931732,477.978577,477.864502,477.880249,477.798340,477.752197,477.792969,477.708923,477.694275,477.692139,477.566254,477.597351,477.526550,477.397797,477.429993,477.381714,477.375977,477.288727,477.290863,477.275146,477.254761,475.685486,475.740204,475.687988,475.617523,475.498810,475.408661,475.320709,475.215546,475.128296,474.994171,474.943756,474.828613,474.747070,474.649414,474.565033,474.476349,474.404449,474.327576,474.207031,474.126221,474.070068,473.932037,473.822937,473.752136,473.628052,473.484650,473.314392,473.154175,472.990051,472.819458,PAR,6987.300293,6987.300293,6987.300293,6987.300293,6987.300293,6987.300293,6987.300293,6987.300293,6987.300293,6987.300293,6987.300293,6987.300293,6987.300293,6987.300293,6987.300293,6987.300293,6987.300293,6987.300293,6987.300293,6987.300293,6987.300293,6987.300293,6987.300293,6987.300293,6987.300293,6987.300293,6987.300293,6987.300293,6987.300293,6987.300293,6929.077148,6870.854004,6812.630859,6754.407715,6696.184570,6637.961914,6579.738770,6521.515625,6463.292480,6405.069336,6346.846680,6288.623535,6230.400391,6172.177246,6113.954102,6055.730957,5997.508301,5939.285156,5881.062012,5822.838867,5764.615723,5706.393066,5648.169922,5589.946777,5531.723633,5473.500488,5415.277344,5357.054688,5298.831543,5240.608398,6987.300293,6987.300293,6987.300293,6987.300293,6987.300293,6987.300293,6987.300293,6987.300293,6987.300293,6987.300293,6987.300293,6987.300293,6987.300293,6987.300293,6987.300293,6987.300293,6987.300293,6987.300293,6987.300293,6987.300293,6987.300293,6987.300293,6987.300293,6987.300293,6987.300293,6987.300293,6987.300293,6987.300293,6987.300293,6987.300293,PHASE,1,1,1,1,1,1,1,1,1,1,1,1,1,1,1,1,1,1,1,1,1,1,1,1,1,1,1,1,1,1,2,2,2,2,2,2,2,2,2,2,2,2,2,2,2,2,2,2,2,2,2,2,2,2,2,2,2,2,2,2,3,3,3,3,3,3,3,3,3,3,3,3,3,3,3,3,3,3,3,3,3,3,3,3,3,3,3,3,3,3,FLASH_END
9,10:31:48,2026-07-16,Auto gsw+F,LI-COR Default,,009,,,-0.041963,2.921641,-0.042574,-0.343121,3.819063,3.827264,4.499502,0.680439,43.203205,43.110634,50.791615,0.441786,7.500000,PSF-00548_20260716103148_812,0.000000,0.000000,0.000000,102.817657,441.736206,0.767242,0.5,0.80,0.692222,1.000000,84.21,84.39,31.09,30.95,30.95,88.59,156.7,154.4,1.5,2,3.777,10:31:13,2026-07-16,-0.16,1,0.002,-0.002,-9999.000,0.410,0.845,-9999.000,1,150,0.005,2.000000,0.058905,0.000000,0.029230,0.000000,0.000000,-0.000068,standard,0,mpf,7000,500,5.000000,2.000000,300,300,300,441.736206,25,0.145448,440.871124,441.944366,-1.073242,2.512249,2.495847,1.659854,0.926258,0.214238,-0.001279,0.225404,0.109196,102.817657,0.000229,2.389264,-0.000064,1.000000,2.373994,-0.000050,1.000000,0.600671,0.600225,0.107215,0.000000,PSF-00548_20260716103148_812,PFA-00618,PSA-00618,PSF-00548,RHS-0688,3.0.0,2022-04-21T19:36:20.491Z,MEASUREMENT_END
PSF-00548_20260716103148_812,10:31:48,2026-07-16,PFA-00618,PSA-00618,PSF-00548,0.000000,0.000000,0.000000,441.736206,102.817657,0.767242,8.933912,TIME,0.000000,0.010000,0.020000,0.030000,0.040000,0.050000,0.060000,0.070000,0.080000,0.090000,0.100000,0.110000,0.120000,0.130000,0.140000,0.150000,0.160000,0.170000,0.180000,0.190000,0.200000,0.210000,0.220000,0.230000,0.240000,0.250000,0.260000,0.270000,0.280000,0.290000,0.300000,0.310000,0.320000,0.330000,0.340000,0.350000,0.360000,0.370000,0.380000,0.390000,0.400000,0.410000,0.420000,0.430000,0.440000,0.450000,0.460000,0.470000,0.480000,0.490000,0.500000,0.510000,0.520000,0.530000,0.540000,0.550000,0.560000,0.570000,0.580000,0.590000,0.600000,0.610000,0.620000,0.630000,0.640000,0.650000,0.660000,0.670000,0.680000,0.690000,0.700000,0.710000,0.720000,0.730000,0.740000,0.750000,0.760000,0.770000,0.780000,0.790000,0.800000,0.810000,0.820000,0.830000,0.839999,0.849999,0.859999,0.869999,0.879999,0.889999,FLR,252.663727,392.416840,425.217041,432.710754,435.660126,437.373169,438.495026,439.268219,439.858673,440.285675,440.625061,440.824982,441.012024,441.178680,441.271667,441.373596,441.436890,441.504822,441.569916,441.603546,441.673981,441.687927,441.686523,441.736206,441.719421,441.725128,441.706543,441.699371,441.672211,441.648254,441.676483,441.721924,441.712982,441.795593,441.742645,441.809906,441.760193,441.784149,441.747681,441.770569,441.826355,441.779144,441.824188,441.782715,441.834564,441.807037,441.768402,441.799866,441.816345,441.772339,441.816681,441.773773,441.749817,441.797363,441.810242,441.820618,441.778778,441.803802,441.825623,441.799530,440.735931,440.871124,440.844666,440.781006,440.683014,440.618988,440.498474,440.400116,440.330017,440.228455,440.161224,440.037842,439.940918,439.870117,439.745300,439.645538,439.556824,439.447754,439.347260,439.226746,439.133392,438.996796,438.868774,438.762177,438.617340,438.508972,438.397400,438.277954,438.146698,438.052307,PAR,6987.300293,6987.300293,6987.300293,6987.300293,6987.300293,6987.300293,6987.300293,6987.300293,6987.300293,6987.300293,6987.300293,6987.300293,6987.300293,6987.300293,6987.300293,6987.300293,6987.300293,6987.300293,6987.300293,6987.300293,6987.300293,6987.300293,6987.300293,6987.300293,6987.300293,6987.300293,6987.300293,6987.300293,6987.300293,6987.300293,6929.077148,6870.854004,6812.630859,6754.407715,6696.184570,6637.961914,6579.738770,6521.515625,6463.292480,6405.069336,6346.846680,6288.623535,6230.400391,6172.177246,6113.954102,6055.730957,5997.508301,5939.285156,5881.062012,5822.838867,5764.615723,5706.393066,5648.169922,5589.946777,5531.723633,5473.500488,5415.277344,5357.054688,5298.831543,5240.608398,6987.300293,6987.300293,6987.300293,6987.300293,6987.300293,6987.300293,6987.300293,6987.300293,6987.300293,6987.300293,6987.300293,6987.300293,6987.300293,6987.300293,6987.300293,6987.300293,6987.300293,6987.300293,6987.300293,6987.300293,6987.300293,6987.300293,6987.300293,6987.300293,6987.300293,6987.300293,6987.300293,6987.300293,6987.300293,6987.300293,PHASE,1,1,1,1,1,1,1,1,1,1,1,1,1,1,1,1,1,1,1,1,1,1,1,1,1,1,1,1,1,1,2,2,2,2,2,2,2,2,2,2,2,2,2,2,2,2,2,2,2,2,2,2,2,2,2,2,2,2,2,2,3,3,3,3,3,3,3,3,3,3,3,3,3,3,3,3,3,3,3,3,3,3,3,3,3,3,3,3,3,3,FLASH_END
10,10:32:14,2026-07-16,Auto gsw+F,LI-COR Default,,010,,,-0.088215,2.920894,-0.090962,-0.626969,3.887151,3.902126,4.468729,0.581578,44.064686,43.895576,50.463032,0.441786,7.500000,PSF-00548_20260716103214_b11,0.000000,0.000000,0.000000,97.987892,428.257477,0.771194,0.5,0.80,2.465553,1.000000,85.60,85.93,31.12,30.83,30.83,88.55,156.6,154.2,1.5,8,3.777,10:31:13,2026-07-16,-0.16,1,0.001,-0.002,-9999.000,-0.055,0.854,-9999.000,1,150,0.005,2.000000,0.058905,0.000000,0.029230,0.000000,0.000000,-0.000068,standard,0,mpf,7000,500,5.000000,2.000000,300,300,300,424.450623,25,-2.574436,424.117676,424.573029,-0.455353,2.514297,2.497699,1.659081,0.925897,0.214042,-0.002963,0.228637,0.114235,97.987892,0.000226,2.389264,-0.000064,1.000000,2.373994,-0.000050,1.000000,0.600671,0.600225,0.107215,0.000000,PSF-00548_20260716103214_b11,PFA-00618,PSA-00618,PSF-00548,RHS-0688,3.0.0,2022-04-21T19:36:20.491Z,MEASUREMENT_END
PSF-00548_20260716103214_b11,10:32:14,2026-07-16,PFA-00618,PSA-00618,PSF-00548,0.000000,0.000000,0.000000,428.257477,97.987892,0.771194,14.671007,TIME,0.000000,0.010000,0.020000,0.030000,0.040000,0.050000,0.060000,0.070000,0.080000,0.090000,0.100000,0.110000,0.120000,0.130000,0.140000,0.150000,0.160000,0.170000,0.180000,0.190000,0.200000,0.210000,0.220000,0.230000,0.240000,0.250000,0.260000,0.270000,0.280000,0.290000,0.300000,0.310000,0.320000,0.330000,0.340000,0.350000,0.360000,0.370000,0.380000,0.390000,0.400000,0.410000,0.420000,0.430000,0.440000,0.450000,0.460000,0.470000,0.480000,0.490000,0.500000,0.510000,0.520000,0.530000,0.540000,0.550000,0.560000,0.570000,0.580000,0.590000,0.600000,0.610000,0.620000,0.630000,0.640000,0.650000,0.660000,0.670000,0.680000,0.690000,0.700000,0.710000,0.720000,0.730000,0.740000,0.750000,0.760000,0.770000,0.780000,0.790000,0.800000,0.810000,0.820000,0.830000,0.839999,0.849999,0.859999,0.869999,0.879999,0.889999,FLR,232.638367,363.951447,399.563660,410.502441,415.525330,418.537628,420.447357,421.672577,422.487244,423.009033,423.433197,423.659210,423.854126,424.017181,424.104797,424.185638,424.249298,424.291504,424.340485,424.339050,424.368744,424.356567,424.377319,424.400574,424.397705,424.436676,424.436340,424.421661,424.450623,424.436340,424.453857,424.440979,424.387695,424.407013,424.356567,424.356232,424.338684,424.316895,424.310455,424.279694,424.278961,424.205658,424.179901,424.163452,424.128052,424.050812,424.017181,423.954254,423.905975,423.850891,423.817993,423.758636,423.692474,423.701416,423.592316,423.492920,423.454987,423.405640,423.373108,423.244354,423.630951,424.043304,424.113739,424.117676,424.062256,424.043304,423.997528,423.946381,423.928131,423.876648,423.880920,423.795807,423.779358,423.738251,423.693909,423.670288,423.631317,423.610565,423.599121,423.552643,423.552643,423.488617,423.452484,423.433533,423.383118,423.343414,423.322327,423.306946,423.297272,423.250793,PAR,6987.300293,6987.300293,6987.300293,6987.300293,6987.300293,6987.300293,6987.300293,6987.300293,6987.300293,6987.300293,6987.300293,6987.300293,6987.300293,6987.300293,6987.300293,6987.300293,6987.300293,6987.300293,6987.300293,6987.300293,6987.300293,6987.300293,6987.300293,6987.300293,6987.300293,6987.300293,6987.300293,6987.300293,6987.300293,6987.300293,6929.077148,6870.854004,6812.630859,6754.407715,6696.184570,6637.961914,6579.738770,6521.515625,6463.292480,6405.069336,6346.846680,6288.623535,6230.400391,6172.177246,6113.954102,6055.730957,5997.508301,5939.285156,5881.062012,5822.838867,5764.615723,5706.393066,5648.169922,5589.946777,5531.723633,5473.500488,5415.277344,5357.054688,5298.831543,5240.608398,6987.300293,6987.300293,6987.300293,6987.300293,6987.300293,6987.300293,6987.300293,6987.300293,6987.300293,6987.300293,6987.300293,6987.300293,6987.300293,6987.300293,6987.300293,6987.300293,6987.300293,6987.300293,6987.300293,6987.300293,6987.300293,6987.300293,6987.300293,6987.300293,6987.300293,6987.300293,6987.300293,6987.300293,6987.300293,6987.300293,PHASE,1,1,1,1,1,1,1,1,1,1,1,1,1,1,1,1,1,1,1,1,1,1,1,1,1,1,1,1,1,1,2,2,2,2,2,2,2,2,2,2,2,2,2,2,2,2,2,2,2,2,2,2,2,2,2,2,2,2,2,2,3,3,3,3,3,3,3,3,3,3,3,3,3,3,3,3,3,3,3,3,3,3,3,3,3,3,3,3,3,3,FLASH_END
11,10:32:33,2026-07-16,Auto gsw+F,LI-COR Default,,011,,,-0.068718,2.919120,-0.070375,-0.478490,3.923708,3.935147,4.497127,0.573419,44.441338,44.312153,50.788025,0.441786,7.500000,PSF-00548_20260716103233_8c7,0.000000,0.000000,0.000000,150.331741,517.776367,0.709659,0.5,0.80,4.109483,1.000000,86.29,86.55,31.14,30.94,30.94,88.55,156.4,154.4,1.2,14,3.777,10:31:13,2026-07-16,-0.16,1,-0.000,-0.001,-9999.000,3.252,4.939,-9999.000,1,150,0.005,2.000000,0.058905,0.000000,0.029230,0.000000,0.000000,-0.000068,standard,0,mpf,7000,500,5.000000,2.000000,300,300,300,517.541199,25,-0.389074,514.807800,517.219543,-2.411743,2.515121,2.498631,1.657251,0.926422,0.213859,-0.001917,0.231017,0.119929,150.331741,0.000225,2.389264,-0.000064,1.000000,2.373994,-0.000050,1.000000,0.600671,0.600225,0.107215,0.000000,PSF-00548_20260716103233_8c7,PFA-00618,PSA-00618,PSF-00548,RHS-0688,3.0.0,2022-04-21T19:36:20.491Z,MEASUREMENT_END
PSF-00548_20260716103233_8c7,10:32:33,2026-07-16,PFA-00618,PSA-00618,PSF-00548,0.000000,0.000000,0.000000,517.776367,150.331741,0.709659,21.155321,TIME,0.000000,0.010000,0.020000,0.030000,0.040000,0.050000,0.060000,0.070000,0.080000,0.090000,0.100000,0.110000,0.120000,0.130000,0.140000,0.150000,0.160000,0.170000,0.180000,0.190000,0.200000,0.210000,0.220000,0.230000,0.240000,0.250000,0.260000,0.270000,0.280000,0.290000,0.300000,0.310000,0.320000,0.330000,0.340000,0.350000,0.360000,0.370000,0.380000,0.390000,0.400000,0.410000,0.420000,0.430000,0.440000,0.450000,0.460000,0.470000,0.480000,0.490000,0.500000,0.510000,0.520000,0.530000,0.540000,0.550000,0.560000,0.570000,0.580000,0.590000,0.600000,0.610000,0.620000,0.630000,0.640000,0.650000,0.660000,0.670000,0.680000,0.690000,0.700000,0.710000,0.720000,0.730000,0.740000,0.750000,0.760000,0.770000,0.780000,0.790000,0.800000,0.810000,0.820000,0.830000,0.839999,0.849999,0.859999,0.869999,0.879999,0.889999,FLR,355.243561,483.581909,505.973328,512.175293,514.497070,515.627136,516.276245,516.676086,516.956787,517.132019,517.276550,517.338379,517.403503,517.473572,517.479675,517.541199,517.534729,517.526123,517.525818,517.502563,517.500732,517.458557,517.439575,517.391663,517.364136,517.312988,517.263306,517.231812,517.183899,517.143494,517.089844,517.187805,517.125610,517.241150,517.143127,517.258667,517.180298,517.222900,517.161377,517.196045,517.281860,517.147095,517.231812,517.177795,517.158508,517.221069,517.111328,517.132019,517.148865,517.040833,517.089844,517.085938,516.969666,517.037659,517.054077,517.081238,517.017273,517.043335,517.080566,517.059448,514.785278,514.807800,514.728455,514.623291,514.474487,514.388306,514.271362,514.155151,514.068604,513.955566,513.889771,513.745300,513.643738,513.543945,513.407349,513.277893,513.163818,513.059753,512.942444,512.819031,512.741455,512.571960,512.437439,512.319092,512.171021,512.042664,511.910675,511.779785,511.643890,511.532318,PAR,6987.300293,6987.300293,6987.300293,6987.300293,6987.300293,6987.300293,6987.300293,6987.300293,6987.300293,6987.300293,6987.300293,6987.300293,6987.300293,6987.300293,6987.300293,6987.300293,6987.300293,6987.300293,6987.300293,6987.300293,6987.300293,6987.300293,6987.300293,6987.300293,6987.300293,6987.300293,6987.300293,6987.300293,6987.300293,6987.300293,6929.077148,6870.854004,6812.630859,6754.407715,6696.184570,6637.961914,6579.738770,6521.515625,6463.292480,6405.069336,6346.846680,6288.623535,6230.400391,6172.177246,6113.954102,6055.730957,5997.508301,5939.285156,5881.062012,5822.838867,5764.615723,5706.393066,5648.169922,5589.946777,5531.723633,5473.500488,5415.277344,5357.054688,5298.831543,5240.608398,6987.300293,6987.300293,6987.300293,6987.300293,6987.300293,6987.300293,6987.300293,6987.300293,6987.300293,6987.300293,6987.300293,6987.300293,6987.300293,6987.300293,6987.300293,6987.300293,6987.300293,6987.300293,6987.300293,6987.300293,6987.300293,6987.300293,6987.300293,6987.300293,6987.300293,6987.300293,6987.300293,6987.300293,6987.300293,6987.300293,PHASE,1,1,1,1,1,1,1,1,1,1,1,1,1,1,1,1,1,1,1,1,1,1,1,1,1,1,1,1,1,1,2,2,2,2,2,2,2,2,2,2,2,2,2,2,2,2,2,2,2,2,2,2,2,2,2,2,2,2,2,2,3,3,3,3,3,3,3,3,3,3,3,3,3,3,3,3,3,3,3,3,3,3,3,3,3,3,3,3,3,3,FLASH_END
12,10:32:59,2026-07-16,Auto gsw+F,LI-COR Default,,012,,,0.238790,2.918642,0.220731,1.011897,4.005029,3.980854,4.391687,0.386658,44.959805,45.232845,49.599766,0.441786,7.500000,PSF-00548_20260716103259_5bc,0.000000,0.000000,0.000000,100.350739,429.471771,0.766339,0.5,0.80,3.227926,1.000000,87.91,87.38,31.17,30.53,30.53,88.54,156.3,154.5,1.1,11,3.774,10:31:13,2026-07-16,-0.16,1,0.003,0.001,0.016,0.060,0.170,0.199,1,150,0.005,2.000000,0.058905,0.000000,0.029230,0.000000,0.000000,-0.000068,standard,0,mpf,7000,500,5.000000,2.000000,300,300,300,428.023346,25,-0.916325,428.276184,428.160370,0.115814,2.516225,2.500794,1.656759,0.926668,0.213563,-0.007189,0.234199,0.116463,100.350739,0.000226,2.389264,-0.000064,1.000000,2.373994,-0.000050,1.000000,0.600671,0.600225,0.107215,0.000000,PSF-00548_20260716103259_5bc,PFA-00618,PSA-00618,PSF-00548,RHS-0688,3.0.0,2022-04-21T19:36:20.491Z,MEASUREMENT_END
PSF-00548_20260716103259_5bc,10:32:59,2026-07-16,PFA-00618,PSA-00618,PSF-00548,0.000000,0.000000,0.000000,429.471771,100.350739,0.766339,17.208702,TIME,0.000000,0.010000,0.020000,0.030000,0.040000,0.050000,0.060000,0.070000,0.080000,0.090000,0.100000,0.110000,0.120000,0.130000,0.140000,0.150000,0.160000,0.170000,0.180000,0.190000,0.200000,0.210000,0.220000,0.230000,0.240000,0.250000,0.260000,0.270000,0.280000,0.290000,0.300000,0.310000,0.320000,0.330000,0.340000,0.350000,0.360000,0.370000,0.380000,0.390000,0.400000,0.410000,0.420000,0.430000,0.440000,0.450000,0.460000,0.470000,0.480000,0.490000,0.500000,0.510000,0.520000,0.530000,0.540000,0.550000,0.560000,0.570000,0.580000,0.590000,0.600000,0.610000,0.620000,0.630000,0.640000,0.650000,0.660000,0.670000,0.680000,0.690000,0.700000,0.710000,0.720000,0.730000,0.740000,0.750000,0.760000,0.770000,0.780000,0.790000,0.800000,0.810000,0.820000,0.830000,0.839999,0.849999,0.859999,0.869999,0.879999,0.889999,FLR,241.507889,374.085175,406.047455,414.860474,418.796173,421.295654,423.067688,424.341187,425.271027,425.897247,426.383270,426.682953,426.935089,427.146790,427.296997,427.422882,427.509430,427.546967,427.629578,427.670715,427.739746,427.728638,427.787659,427.816620,427.826294,427.874207,427.913910,427.964325,428.009399,428.023346,428.088776,428.064117,428.064117,428.096649,428.074493,428.092346,428.064117,428.064819,428.078400,428.062317,428.075562,428.017609,428.025848,428.017273,427.989014,427.982208,427.971832,427.960388,427.951111,427.936798,427.965057,427.903168,427.879578,427.884216,427.816620,427.779083,427.749756,427.708282,427.684296,427.613861,427.865631,428.207520,428.269379,428.276184,428.250061,428.230774,428.190338,428.172119,428.157440,428.145294,428.173187,428.105957,428.056610,428.032288,427.985779,427.933228,427.899963,427.858459,427.829498,427.773010,427.766907,427.690399,427.663910,427.640320,427.573090,427.530518,427.499420,427.455078,427.418243,427.377106,PAR,6987.300293,6987.300293,6987.300293,6987.300293,6987.300293,6987.300293,6987.300293,6987.300293,6987.300293,6987.300293,6987.300293,6987.300293,6987.300293,6987.300293,6987.300293,6987.300293,6987.300293,6987.300293,6987.300293,6987.300293,6987.300293,6987.300293,6987.300293,6987.300293,6987.300293,6987.300293,6987.300293,6987.300293,6987.300293,6987.300293,6929.077148,6870.854004,6812.630859,6754.407715,6696.184570,6637.961914,6579.738770,6521.515625,6463.292480,6405.069336,6346.846680,6288.623535,6230.400391,6172.177246,6113.954102,6055.730957,5997.508301,5939.285156,5881.062012,5822.838867,5764.615723,5706.393066,5648.169922,5589.946777,5531.723633,5473.500488,5415.277344,5357.054688,5298.831543,5240.608398,6987.300293,6987.300293,6987.300293,6987.300293,6987.300293,6987.300293,6987.300293,6987.300293,6987.300293,6987.300293,6987.300293,6987.300293,6987.300293,6987.300293,6987.300293,6987.300293,6987.300293,6987.300293,6987.300293,6987.300293,6987.300293,6987.300293,6987.300293,6987.300293,6987.300293,6987.300293,6987.300293,6987.300293,6987.300293,6987.300293,PHASE,1,1,1,1,1,1,1,1,1,1,1,1,1,1,1,1,1,1,1,1,1,1,1,1,1,1,1,1,1,1,2,2,2,2,2,2,2,2,2,2,2,2,2,2,2,2,2,2,2,2,2,2,2,2,2,2,2,2,2,2,3,3,3,3,3,3,3,3,3,3,3,3,3,3,3,3,3,3,3,3,3,3,3,3,3,3,3,3,3,3,FLASH_END
13,10:33:38,2026-07-16,Auto gsw+F,LI-COR Default,,013,,,0.068244,2.918857,0.066684,0.471357,3.840042,3.828759,4.436719,0.596677,43.237286,43.364697,50.102833,0.441786,7.500000,PSF-00548_20260716103338_51e,0.000000,0.000000,0.000000,105.231285,463.320770,0.772876,0.5,0.80,1.573103,1.000000,84.07,83.82,31.22,30.71,30.71,88.55,156.3,154.5,1.2,5,3.773,10:31:13,2026-07-16,-0.16,1,-0.001,0.000,-0.009,0.350,0.645,1.526,1,150,0.005,2.000000,0.058905,0.000000,0.029230,0.000000,0.000000,-0.000068,standard,0,mpf,7000,500,5.000000,2.000000,300,300,300,463.157410,25,-0.258171,462.424988,462.951294,-0.526306,2.511454,2.495629,1.656981,0.926643,0.213189,-0.005629,0.238977,0.111684,105.231285,0.000228,2.389264,-0.000064,1.000000,2.373994,-0.000050,1.000000,0.600671,0.600225,0.107215,0.000000,PSF-00548_20260716103338_51e,PFA-00618,PSA-00618,PSF-00548,RHS-0688,3.0.0,2022-04-21T19:36:20.491Z,MEASUREMENT_END
PSF-00548_20260716103338_51e,10:33:38,2026-07-16,PFA-00618,PSA-00618,PSF-00548,0.000000,0.000000,0.000000,463.320770,105.231285,0.772876,11.766829,TIME,0.000000,0.010000,0.020000,0.030000,0.040000,0.050000,0.060000,0.070000,0.080000,0.090000,0.100000,0.110000,0.120000,0.130000,0.140000,0.150000,0.160000,0.170000,0.180000,0.190000,0.200000,0.210000,0.220000,0.230000,0.240000,0.250000,0.260000,0.270000,0.280000,0.290000,0.300000,0.310000,0.320000,0.330000,0.340000,0.350000,0.360000,0.370000,0.380000,0.390000,0.400000,0.410000,0.420000,0.430000,0.440000,0.450000,0.460000,0.470000,0.480000,0.490000,0.500000,0.510000,0.520000,0.530000,0.540000,0.550000,0.560000,0.570000,0.580000,0.590000,0.600000,0.610000,0.620000,0.630000,0.640000,0.650000,0.660000,0.670000,0.680000,0.690000,0.700000,0.710000,0.720000,0.730000,0.740000,0.750000,0.760000,0.770000,0.780000,0.790000,0.800000,0.810000,0.820000,0.830000,0.839999,0.849999,0.859999,0.869999,0.879999,0.889999,FLR,264.962555,413.271912,444.598663,451.652527,454.550385,456.468353,457.976471,459.186676,460.139740,460.858948,461.439728,461.824188,462.149261,462.421417,462.624908,462.813385,462.906372,463.012573,463.081604,463.086609,463.157410,463.138824,463.144196,463.142029,463.116638,463.112000,463.051544,463.047638,463.031891,462.991486,462.986115,462.988617,462.939972,462.999695,462.927460,462.968933,462.909576,462.930328,462.906006,462.900269,462.934967,462.860229,462.891693,462.876312,462.906708,462.878815,462.843781,462.847351,462.883118,462.850220,462.873474,462.845917,462.822662,462.879883,462.851654,462.856659,462.838043,462.858429,462.889191,462.860596,462.197540,462.413910,462.424988,462.363831,462.311279,462.279785,462.201111,462.178589,462.131012,462.067017,462.054504,461.969727,461.924683,461.873535,461.812378,461.772308,461.722961,461.670746,461.633575,461.567413,461.545959,461.437592,461.383942,461.353546,461.288086,461.204773,461.135040,461.050262,460.993774,460.913300,PAR,6987.300293,6987.300293,6987.300293,6987.300293,6987.300293,6987.300293,6987.300293,6987.300293,6987.300293,6987.300293,6987.300293,6987.300293,6987.300293,6987.300293,6987.300293,6987.300293,6987.300293,6987.300293,6987.300293,6987.300293,6987.300293,6987.300293,6987.300293,6987.300293,6987.300293,6987.300293,6987.300293,6987.300293,6987.300293,6987.300293,6929.077148,6870.854004,6812.630859,6754.407715,6696.184570,6637.961914,6579.738770,6521.515625,6463.292480,6405.069336,6346.846680,6288.623535,6230.400391,6172.177246,6113.954102,6055.730957,5997.508301,5939.285156,5881.062012,5822.838867,5764.615723,5706.393066,5648.169922,5589.946777,5531.723633,5473.500488,5415.277344,5357.054688,5298.831543,5240.608398,6987.300293,6987.300293,6987.300293,6987.300293,6987.300293,6987.300293,6987.300293,6987.300293,6987.300293,6987.300293,6987.300293,6987.300293,6987.300293,6987.300293,6987.300293,6987.300293,6987.300293,6987.300293,6987.300293,6987.300293,6987.300293,6987.300293,6987.300293,6987.300293,6987.300293,6987.300293,6987.300293,6987.300293,6987.300293,6987.300293,PHASE,1,1,1,1,1,1,1,1,1,1,1,1,1,1,1,1,1,1,1,1,1,1,1,1,1,1,1,1,1,1,2,2,2,2,2,2,2,2,2,2,2,2,2,2,2,2,2,2,2,2,2,2,2,2,2,2,2,2,2,2,3,3,3,3,3,3,3,3,3,3,3,3,3,3,3,3,3,3,3,3,3,3,3,3,3,3,3,3,3,3,FLASH_END
14,10:33:52,2026-07-16,Auto gsw+F,LI-COR Default,,014,,,0.039158,2.919614,0.038640,0.288573,3.838149,3.831245,4.468457,0.630308,43.265976,43.343937,50.461956,0.441786,7.500000,PSF-00548_20260716103352_cc7,0.000000,0.000000,0.000000,133.374100,503.149506,0.734922,0.5,0.80,0.927730,1.000000,83.96,83.81,31.23,30.83,30.83,88.55,156.4,154.3,1.4,3,3.773,10:31:13,2026-07-16,-0.16,1,-0.002,0.002,-0.013,-0.576,-1.636,-2.226,1,150,0.005,2.000000,0.058905,0.000000,0.029230,0.000000,0.000000,-0.000068,standard,0,mpf,7000,500,5.000000,2.000000,300,300,300,503.149506,25,0.930869,500.948669,504.481750,-3.533081,2.511425,2.495473,1.657760,0.926078,0.213062,-0.004347,0.240513,0.109987,133.374100,0.000224,2.389264,-0.000064,1.000000,2.373994,-0.000050,1.000000,0.600671,0.600225,0.107215,0.000000,PSF-00548_20260716103352_cc7,PFA-00618,PSA-00618,PSF-00548,RHS-0688,3.0.0,2022-04-21T19:36:20.491Z,MEASUREMENT_END
PSF-00548_20260716103352_cc7,10:33:52,2026-07-16,PFA-00618,PSA-00618,PSF-00548,0.000000,0.000000,0.000000,503.149506,133.374100,0.734922,9.834240,TIME,0.000000,0.010000,0.020000,0.030000,0.040000,0.050000,0.060000,0.070000,0.080000,0.090000,0.100000,0.110000,0.120000,0.130000,0.140000,0.150000,0.160000,0.170000,0.180000,0.190000,0.200000,0.210000,0.220000,0.230000,0.240000,0.250000,0.260000,0.270000,0.280000,0.290000,0.300000,0.310000,0.320000,0.330000,0.340000,0.350000,0.360000,0.370000,0.380000,0.390000,0.400000,0.410000,0.420000,0.430000,0.440000,0.450000,0.460000,0.470000,0.480000,0.490000,0.500000,0.510000,0.520000,0.530000,0.540000,0.550000,0.560000,0.570000,0.580000,0.590000,0.600000,0.610000,0.620000,0.630000,0.640000,0.650000,0.660000,0.670000,0.680000,0.690000,0.700000,0.710000,0.720000,0.730000,0.740000,0.750000,0.760000,0.770000,0.780000,0.790000,0.800000,0.810000,0.820000,0.830000,0.839999,0.849999,0.859999,0.869999,0.879999,0.889999,FLR,323.982941,459.326508,488.425598,496.090302,498.500336,499.619019,500.363586,500.937592,501.482239,501.892090,502.275116,502.491119,502.692108,502.864838,502.961761,503.048309,503.089783,503.112305,503.140564,503.131989,503.149506,503.099091,503.059387,503.037567,502.988586,502.940308,502.898804,502.834808,502.790100,502.726074,502.690674,502.786865,502.712860,502.824768,502.730713,502.819427,502.760040,502.824066,502.751099,502.810822,502.914551,502.822266,502.869476,502.820496,502.891296,502.923859,502.899536,502.908813,502.974640,502.916687,503.012543,503.008240,502.957092,503.059387,503.108032,503.143066,503.067261,503.115540,503.135559,503.145935,500.942230,500.948669,500.879639,500.857819,500.743744,500.668274,500.589600,500.497345,500.411865,500.350342,500.273834,500.153290,500.092499,500.006317,499.906189,499.846100,499.759918,499.682678,499.601471,499.505280,499.443756,499.326813,499.252808,499.161255,499.074341,498.986359,498.909485,498.832947,498.746033,498.650909,PAR,6987.300293,6987.300293,6987.300293,6987.300293,6987.300293,6987.300293,6987.300293,6987.300293,6987.300293,6987.300293,6987.300293,6987.300293,6987.300293,6987.300293,6987.300293,6987.300293,6987.300293,6987.300293,6987.300293,6987.300293,6987.300293,6987.300293,6987.300293,6987.300293,6987.300293,6987.300293,6987.300293,6987.300293,6987.300293,6987.300293,6929.077148,6870.854004,6812.630859,6754.407715,6696.184570,6637.961914,6579.738770,6521.515625,6463.292480,6405.069336,6346.846680,6288.623535,6230.400391,6172.177246,6113.954102,6055.730957,5997.508301,5939.285156,5881.062012,5822.838867,5764.615723,5706.393066,5648.169922,5589.946777,5531.723633,5473.500488,5415.277344,5357.054688,5298.831543,5240.608398,6987.300293,6987.300293,6987.300293,6987.300293,6987.300293,6987.300293,6987.300293,6987.300293,6987.300293,6987.300293,6987.300293,6987.300293,6987.300293,6987.300293,6987.300293,6987.300293,6987.300293,6987.300293,6987.300293,6987.300293,6987.300293,6987.300293,6987.300293,6987.300293,6987.300293,6987.300293,6987.300293,6987.300293,6987.300293,6987.300293,PHASE,1,1,1,1,1,1,1,1,1,1,1,1,1,1,1,1,1,1,1,1,1,1,1,1,1,1,1,1,1,1,2,2,2,2,2,2,2,2,2,2,2,2,2,2,2,2,2,2,2,2,2,2,2,2,2,2,2,2,2,2,3,3,3,3,3,3,3,3,3,3,3,3,3,3,3,3,3,3,3,3,3,3,3,3,3,3,3,3,3,3,FLASH_END
15,10:34:04,2026-07-16,Auto gsw+F,LI-COR Default,,015,,,0.007952,2.916893,0.007930,0.056942,3.843184,3.841819,4.449286,0.606102,43.383915,43.399330,50.243767,0.441786,7.500000,PSF-00548_20260716103404_861,0.000000,0.000000,0.000000,97.749710,459.118378,0.787093,0.5,0.80,2.714712,1.000000,83.99,83.96,31.25,30.76,30.76,88.55,156.1,154.4,1.1,9,3.773,10:31:13,2026-07-16,-0.16,1,-0.003,0.000,-0.011,0.271,0.619,1.256,1,150,0.005,2.000000,0.058905,0.000000,0.029230,0.000000,0.000000,-0.000068,standard,0,mpf,7000,500,5.000000,2.000000,300,300,300,459.118378,25,0.603611,459.429504,459.982239,-0.552734,2.511632,2.495519,1.654964,0.926224,0.212935,-0.005407,0.241927,0.114788,97.749710,0.000225,2.389264,-0.000064,1.000000,2.373994,-0.000050,1.000000,0.600671,0.600225,0.107215,0.000000,PSF-00548_20260716103404_861,PFA-00618,PSA-00618,PSF-00548,RHS-0688,3.0.0,2022-04-21T19:36:20.491Z,MEASUREMENT_END
PSF-00548_20260716103404_861,10:34:04,2026-07-16,PFA-00618,PSA-00618,PSF-00548,0.000000,0.000000,0.000000,459.118378,97.749710,0.787093,15.300952,TIME,0.000000,0.010000,0.020000,0.030000,0.040000,0.050000,0.060000,0.070000,0.080000,0.090000,0.100000,0.110000,0.120000,0.130000,0.140000,0.150000,0.160000,0.170000,0.180000,0.190000,0.200000,0.210000,0.220000,0.230000,0.240000,0.250000,0.260000,0.270000,0.280000,0.290000,0.300000,0.310000,0.320000,0.330000,0.340000,0.350000,0.360000,0.370000,0.380000,0.390000,0.400000,0.410000,0.420000,0.430000,0.440000,0.450000,0.460000,0.470000,0.480000,0.490000,0.500000,0.510000,0.520000,0.530000,0.540000,0.550000,0.560000,0.570000,0.580000,0.590000,0.600000,0.610000,0.620000,0.630000,0.640000,0.650000,0.660000,0.670000,0.680000,0.690000,0.700000,0.710000,0.720000,0.730000,0.740000,0.750000,0.760000,0.770000,0.780000,0.790000,0.800000,0.810000,0.820000,0.830000,0.839999,0.849999,0.859999,0.869999,0.879999,0.889999,FLR,237.313263,386.953369,433.064819,444.749939,449.124084,451.511627,453.132385,454.286102,455.212708,455.906860,456.479797,456.901428,457.284454,457.607391,457.887421,458.110565,458.288666,458.427795,458.578339,458.679901,458.820831,458.833344,458.945984,459.000000,459.045776,459.087616,459.093323,459.099762,459.118378,459.113708,459.139832,459.144104,459.091553,459.143036,459.108002,459.139099,459.110138,459.095490,459.095490,459.056488,459.065796,458.996765,459.010712,459.014648,458.985321,459.028961,459.056854,459.118713,459.142334,459.166656,459.247101,459.216003,459.246399,459.273224,459.318268,459.320770,459.361542,459.360107,459.362976,459.289307,459.128387,459.406250,459.426270,459.429504,459.382660,459.364777,459.352600,459.308258,459.307922,459.276428,459.268921,459.190247,459.160553,459.141602,459.084747,459.038269,459.011444,458.964935,458.938477,458.907379,458.895935,458.856232,458.827606,458.796143,458.758606,458.716736,458.682068,458.640228,458.606232,458.539368,PAR,6987.300293,6987.300293,6987.300293,6987.300293,6987.300293,6987.300293,6987.300293,6987.300293,6987.300293,6987.300293,6987.300293,6987.300293,6987.300293,6987.300293,6987.300293,6987.300293,6987.300293,6987.300293,6987.300293,6987.300293,6987.300293,6987.300293,6987.300293,6987.300293,6987.300293,6987.300293,6987.300293,6987.300293,6987.300293,6987.300293,6929.077148,6870.854004,6812.630859,6754.407715,6696.184570,6637.961914,6579.738770,6521.515625,6463.292480,6405.069336,6346.846680,6288.623535,6230.400391,6172.177246,6113.954102,6055.730957,5997.508301,5939.285156,5881.062012,5822.838867,5764.615723,5706.393066,5648.169922,5589.946777,5531.723633,5473.500488,5415.277344,5357.054688,5298.831543,5240.608398,6987.300293,6987.300293,6987.300293,6987.300293,6987.300293,6987.300293,6987.300293,6987.300293,6987.300293,6987.300293,6987.300293,6987.300293,6987.300293,6987.300293,6987.300293,6987.300293,6987.300293,6987.300293,6987.300293,6987.300293,6987.300293,6987.300293,6987.300293,6987.300293,6987.300293,6987.300293,6987.300293,6987.300293,6987.300293,6987.300293,PHASE,1,1,1,1,1,1,1,1,1,1,1,1,1,1,1,1,1,1,1,1,1,1,1,1,1,1,1,1,1,1,2,2,2,2,2,2,2,2,2,2,2,2,2,2,2,2,2,2,2,2,2,2,2,2,2,2,2,2,2,2,3,3,3,3,3,3,3,3,3,3,3,3,3,3,3,3,3,3,3,3,3,3,3,3,3,3,3,3,3,3,FLASH_END
16,10:34:21,2026-07-16,Auto gsw+F,LI-COR Default,,016,,,-0.049145,2.917754,-0.049987,-0.348764,3.911747,3.920094,4.500159,0.588413,44.274208,44.179932,50.825565,0.441786,7.500000,PSF-00548_20260716103421_aad,0.000000,0.000000,0.000000,115.858200,494.698334,0.765800,0.5,0.80,2.544854,1.000000,85.36,85.54,31.28,30.96,30.96,88.54,156.2,154.5,1.1,8,3.771,10:31:13,2026-07-16,-0.16,1,0.002,0.002,-9999.000,0.737,1.468,-9999.000,1,150,0.005,2.000000,0.058905,0.000000,0.029230,0.000000,0.000000,-0.000068,standard,0,mpf,7000,500,5.000000,2.000000,300,300,300,491.249451,25,-3.010781,488.005035,490.389404,-2.384369,2.513731,2.497338,1.655847,0.926623,0.212705,-0.003399,0.243950,0.114511,115.858200,0.000226,2.389264,-0.000064,1.000000,2.373994,-0.000050,1.000000,0.600671,0.600225,0.107215,0.000000,PSF-00548_20260716103421_aad,PFA-00618,PSA-00618,PSF-00548,RHS-0688,3.0.0,2022-04-21T19:36:20.491Z,MEASUREMENT_END
PSF-00548_20260716103421_aad,10:34:21,2026-07-16,PFA-00618,PSA-00618,PSF-00548,0.000000,0.000000,0.000000,494.698334,115.858200,0.765800,14.986183,TIME,0.000000,0.010000,0.020000,0.030000,0.040000,0.050000,0.060000,0.070000,0.080000,0.090000,0.100000,0.110000,0.120000,0.130000,0.140000,0.150000,0.160000,0.170000,0.180000,0.190000,0.200000,0.210000,0.220000,0.230000,0.240000,0.250000,0.260000,0.270000,0.280000,0.290000,0.300000,0.310000,0.320000,0.330000,0.340000,0.350000,0.360000,0.370000,0.380000,0.390000,0.400000,0.410000,0.420000,0.430000,0.440000,0.450000,0.460000,0.470000,0.480000,0.490000,0.500000,0.510000,0.520000,0.530000,0.540000,0.550000,0.560000,0.570000,0.580000,0.590000,0.600000,0.610000,0.620000,0.630000,0.640000,0.650000,0.660000,0.670000,0.680000,0.690000,0.700000,0.710000,0.720000,0.730000,0.740000,0.750000,0.760000,0.770000,0.780000,0.790000,0.800000,0.810000,0.820000,0.830000,0.839999,0.849999,0.859999,0.869999,0.879999,0.889999,FLR,282.861816,428.227173,468.152039,480.695496,485.802399,488.232483,489.510651,490.194092,490.624664,490.871796,491.060974,491.116394,491.191162,491.231201,491.240845,491.249451,491.229767,491.216187,491.190796,491.147888,491.135712,491.048828,490.982300,490.945099,490.887177,490.825287,490.748047,490.690826,490.606079,490.512360,490.453735,490.430481,490.329987,490.339630,490.219818,490.216614,490.101105,490.069275,489.981293,489.943024,489.966278,489.822144,489.816772,489.741333,489.706635,489.671234,489.592194,489.587555,489.568604,489.480255,489.479889,489.389404,489.307526,489.318237,489.266754,489.230286,489.133362,489.129791,489.125854,489.059326,487.860931,488.005035,487.990387,487.954987,487.859131,487.774017,487.671021,487.589478,487.530121,487.453949,487.378479,487.267975,487.204315,487.121704,487.028717,486.960419,486.874573,486.774811,486.699341,486.616730,486.555939,486.427185,486.387482,486.306305,486.211884,486.116394,486.037384,485.938324,485.882172,485.747345,PAR,6987.300293,6987.300293,6987.300293,6987.300293,6987.300293,6987.300293,6987.300293,6987.300293,6987.300293,6987.300293,6987.300293,6987.300293,6987.300293,6987.300293,6987.300293,6987.300293,6987.300293,6987.300293,6987.300293,6987.300293,6987.300293,6987.300293,6987.300293,6987.300293,6987.300293,6987.300293,6987.300293,6987.300293,6987.300293,6987.300293,6929.077148,6870.854004,6812.630859,6754.407715,6696.184570,6637.961914,6579.738770,6521.515625,6463.292480,6405.069336,6346.846680,6288.623535,6230.400391,6172.177246,6113.954102,6055.730957,5997.508301,5939.285156,5881.062012,5822.838867,5764.615723,5706.393066,5648.169922,5589.946777,5531.723633,5473.500488,5415.277344,5357.054688,5298.831543,5240.608398,6987.300293,6987.300293,6987.300293,6987.300293,6987.300293,6987.300293,6987.300293,6987.300293,6987.300293,6987.300293,6987.300293,6987.300293,6987.300293,6987.300293,6987.300293,6987.300293,6987.300293,6987.300293,6987.300293,6987.300293,6987.300293,6987.300293,6987.300293,6987.300293,6987.300293,6987.300293,6987.300293,6987.300293,6987.300293,6987.300293,PHASE,1,1,1,1,1,1,1,1,1,1,1,1,1,1,1,1,1,1,1,1,1,1,1,1,1,1,1,1,1,1,2,2,2,2,2,2,2,2,2,2,2,2,2,2,2,2,2,2,2,2,2,2,2,2,2,2,2,2,2,2,3,3,3,3,3,3,3,3,3,3,3,3,3,3,3,3,3,3,3,3,3,3,3,3,3,3,3,3,3,3,FLASH_END
17,10:34:35,2026-07-16,Auto gsw+F,LI-COR Default,,017,,,-0.005057,2.918624,-0.005066,-0.033323,3.957121,3.957917,4.511695,0.554574,44.701519,44.692524,50.956005,0.441786,7.500000,PSF-00548_20260716103435_914,0.000000,0.000000,0.000000,114.455940,506.354370,0.773961,0.5,0.80,1.971152,1.000000,86.23,86.25,31.30,31.00,31.00,88.54,156.3,154.4,1.2,6,3.772,10:31:13,2026-07-16,-0.16,1,0.005,0.003,-0.010,0.659,1.338,2.996,1,150,0.005,2.000000,0.058905,0.000000,0.029230,0.000000,0.000000,-0.000068,standard,0,mpf,7000,500,5.000000,2.000000,300,300,300,501.927856,25,-3.450762,499.086853,501.415741,-2.328888,2.514674,2.498506,1.656741,0.926283,0.212507,-0.003150,0.245541,0.112807,114.455940,0.000226,2.389264,-0.000064,1.000000,2.373994,-0.000050,1.000000,0.600671,0.600225,0.107215,0.000000,PSF-00548_20260716103435_914,PFA-00618,PSA-00618,PSF-00548,RHS-0688,3.0.0,2022-04-21T19:36:20.491Z,MEASUREMENT_END
PSF-00548_20260716103435_914,10:34:35,2026-07-16,PFA-00618,PSA-00618,PSF-00548,0.000000,0.000000,0.000000,506.354370,114.455940,0.773961,13.045449,TIME,0.000000,0.010000,0.020000,0.030000,0.040000,0.050000,0.060000,0.070000,0.080000,0.090000,0.100000,0.110000,0.120000,0.130000,0.140000,0.150000,0.160000,0.170000,0.180000,0.190000,0.200000,0.210000,0.220000,0.230000,0.240000,0.250000,0.260000,0.270000,0.280000,0.290000,0.300000,0.310000,0.320000,0.330000,0.340000,0.350000,0.360000,0.370000,0.380000,0.390000,0.400000,0.410000,0.420000,0.430000,0.440000,0.450000,0.460000,0.470000,0.480000,0.490000,0.500000,0.510000,0.520000,0.530000,0.540000,0.550000,0.560000,0.570000,0.580000,0.590000,0.600000,0.610000,0.620000,0.630000,0.640000,0.650000,0.660000,0.670000,0.680000,0.690000,0.700000,0.710000,0.720000,0.730000,0.740000,0.750000,0.760000,0.770000,0.780000,0.790000,0.800000,0.810000,0.820000,0.830000,0.839999,0.849999,0.859999,0.869999,0.879999,0.889999,FLR,281.987427,432.403198,475.566040,489.698059,495.575317,498.397339,499.817139,500.588898,501.063110,501.371399,501.602783,501.710052,501.785156,501.856323,501.870270,501.904236,501.905334,501.901733,501.913544,501.891388,501.927856,501.856689,501.813782,501.788025,501.734375,501.679291,501.631378,501.576294,501.520508,501.443634,501.404633,501.381409,501.283752,501.310577,501.204010,501.202240,501.107819,501.090637,500.984436,500.942932,500.946167,500.837799,500.786652,500.727661,500.700104,500.616791,500.554932,500.519165,500.472656,500.358582,500.393280,500.259155,500.195862,500.174042,500.096069,500.061035,499.974487,499.948029,499.925140,499.856476,498.844025,499.086853,499.078278,499.041809,498.947021,498.865845,498.798981,498.721375,498.623383,498.511444,498.446350,498.345490,498.278961,498.215332,498.135925,498.045441,497.992523,497.910980,497.881287,497.794403,497.763275,497.627380,497.547974,497.494354,497.425690,497.354492,497.269043,497.155670,497.075562,496.991516,PAR,6987.300293,6987.300293,6987.300293,6987.300293,6987.300293,6987.300293,6987.300293,6987.300293,6987.300293,6987.300293,6987.300293,6987.300293,6987.300293,6987.300293,6987.300293,6987.300293,6987.300293,6987.300293,6987.300293,6987.300293,6987.300293,6987.300293,6987.300293,6987.300293,6987.300293,6987.300293,6987.300293,6987.300293,6987.300293,6987.300293,6929.077148,6870.854004,6812.630859,6754.407715,6696.184570,6637.961914,6579.738770,6521.515625,6463.292480,6405.069336,6346.846680,6288.623535,6230.400391,6172.177246,6113.954102,6055.730957,5997.508301,5939.285156,5881.062012,5822.838867,5764.615723,5706.393066,5648.169922,5589.946777,5531.723633,5473.500488,5415.277344,5357.054688,5298.831543,5240.608398,6987.300293,6987.300293,6987.300293,6987.300293,6987.300293,6987.300293,6987.300293,6987.300293,6987.300293,6987.300293,6987.300293,6987.300293,6987.300293,6987.300293,6987.300293,6987.300293,6987.300293,6987.300293,6987.300293,6987.300293,6987.300293,6987.300293,6987.300293,6987.300293,6987.300293,6987.300293,6987.300293,6987.300293,6987.300293,6987.300293,PHASE,1,1,1,1,1,1,1,1,1,1,1,1,1,1,1,1,1,1,1,1,1,1,1,1,1,1,1,1,1,1,2,2,2,2,2,2,2,2,2,2,2,2,2,2,2,2,2,2,2,2,2,2,2,2,2,2,2,2,2,2,3,3,3,3,3,3,3,3,3,3,3,3,3,3,3,3,3,3,3,3,3,3,3,3,3,3,3,3,3,3,FLASH_END
18,10:34:51,2026-07-16,Auto gsw+F,LI-COR Default,,018,,,-0.030507,2.920186,-0.030829,-0.194343,3.977118,3.981758,4.508528,0.531410,44.970013,44.917622,50.919369,0.441786,7.500000,PSF-00548_20260716103451_e86,0.000000,0.000000,0.000000,101.363541,439.051178,0.769130,0.5,0.80,8.068114,1.000000,86.53,86.63,31.33,30.99,30.99,88.54,156.5,154.3,1.4,26,3.771,10:31:13,2026-07-16,-0.16,1,0.002,-0.005,-9999.000,0.645,0.993,-9999.000,1,150,0.005,2.000000,0.058905,0.000000,0.029230,0.000000,0.000000,-0.000068,standard,0,mpf,7000,500,5.000000,2.000000,300,300,300,438.062683,25,-0.647245,438.416718,438.124847,0.291870,2.515177,2.498900,1.658349,0.926031,0.212274,-0.003623,0.247311,0.130247,101.363541,0.000226,2.389264,-0.000064,1.000000,2.373994,-0.000050,1.000000,0.600671,0.600225,0.107215,0.000000,PSF-00548_20260716103451_e86,PFA-00618,PSA-00618,PSF-00548,RHS-0688,3.0.0,2022-04-21T19:36:20.491Z,MEASUREMENT_END
PSF-00548_20260716103451_e86,10:34:51,2026-07-16,PFA-00618,PSA-00618,PSF-00548,0.000000,0.000000,0.000000,439.051178,101.363541,0.769130,32.903152,TIME,0.000000,0.010000,0.020000,0.030000,0.040000,0.050000,0.060000,0.070000,0.080000,0.090000,0.100000,0.110000,0.120000,0.130000,0.140000,0.150000,0.160000,0.170000,0.180000,0.190000,0.200000,0.210000,0.220000,0.230000,0.240000,0.250000,0.260000,0.270000,0.280000,0.290000,0.300000,0.310000,0.320000,0.330000,0.340000,0.350000,0.360000,0.370000,0.380000,0.390000,0.400000,0.410000,0.420000,0.430000,0.440000,0.450000,0.460000,0.470000,0.480000,0.490000,0.500000,0.510000,0.520000,0.530000,0.540000,0.550000,0.560000,0.570000,0.580000,0.590000,0.600000,0.610000,0.620000,0.630000,0.640000,0.650000,0.660000,0.670000,0.680000,0.690000,0.700000,0.710000,0.720000,0.730000,0.740000,0.750000,0.760000,0.770000,0.780000,0.790000,0.800000,0.810000,0.820000,0.830000,0.839999,0.849999,0.859999,0.869999,0.879999,0.889999,FLR,239.553802,368.200775,410.666229,425.298920,431.200134,433.893433,435.201996,435.904755,436.369659,436.679718,436.950806,437.105286,437.237274,437.386383,437.462219,437.545898,437.603821,437.671051,437.735077,437.761902,437.842377,437.846313,437.893860,437.936768,437.943573,437.976471,437.996521,438.023315,438.029419,438.062683,438.105591,438.081268,438.069824,438.103424,438.084839,438.106293,438.082336,438.069824,438.074463,438.053009,438.062317,438.004364,438.006866,438.021179,437.988983,437.982208,437.961456,437.937866,437.928925,437.917114,437.942139,437.903168,437.920685,437.918182,437.897095,437.866699,437.852020,437.848816,437.832367,437.780151,437.998291,438.348053,438.416718,438.409210,438.368073,438.318024,438.297974,438.261505,438.233978,438.191772,438.175690,438.099854,438.087341,438.041931,437.988281,437.947876,437.907806,437.858459,437.809814,437.765839,437.754395,437.649597,437.597046,437.565918,437.486877,437.435028,437.352783,437.293762,437.214722,437.118896,PAR,6987.300293,6987.300293,6987.300293,6987.300293,6987.300293,6987.300293,6987.300293,6987.300293,6987.300293,6987.300293,6987.300293,6987.300293,6987.300293,6987.300293,6987.300293,6987.300293,6987.300293,6987.300293,6987.300293,6987.300293,6987.300293,6987.300293,6987.300293,6987.300293,6987.300293,6987.300293,6987.300293,6987.300293,6987.300293,6987.300293,6929.077148,6870.854004,6812.630859,6754.407715,6696.184570,6637.961914,6579.738770,6521.515625,6463.292480,6405.069336,6346.846680,6288.623535,6230.400391,6172.177246,6113.954102,6055.730957,5997.508301,5939.285156,5881.062012,5822.838867,5764.615723,5706.393066,5648.169922,5589.946777,5531.723633,5473.500488,5415.277344,5357.054688,5298.831543,5240.608398,6987.300293,6987.300293,6987.300293,6987.300293,6987.300293,6987.300293,6987.300293,6987.300293,6987.300293,6987.300293,6987.300293,6987.300293,6987.300293,6987.300293,6987.300293,6987.300293,6987.300293,6987.300293,6987.300293,6987.300293,6987.300293,6987.300293,6987.300293,6987.300293,6987.300293,6987.300293,6987.300293,6987.300293,6987.300293,6987.300293,PHASE,1,1,1,1,1,1,1,1,1,1,1,1,1,1,1,1,1,1,1,1,1,1,1,1,1,1,1,1,1,1,2,2,2,2,2,2,2,2,2,2,2,2,2,2,2,2,2,2,2,2,2,2,2,2,2,2,2,2,2,2,3,3,3,3,3,3,3,3,3,3,3,3,3,3,3,3,3,3,3,3,3,3,3,3,3,3,3,3,3,3,FLASH_END
19,10:36:03,2026-07-16,Auto gsw+F,LI-COR Default,,019,,,0.004408,2.920219,0.004401,0.033568,3.878798,3.877995,4.522258,0.643460,43.788979,43.798038,51.063766,0.441786,7.500000,PSF-00548_20260716103603_23f,0.000000,0.000000,0.000000,113.337280,511.210480,0.778296,0.5,0.80,1.455717,1.000000,83.88,83.86,31.43,31.04,31.04,88.56,156.5,154.5,1.3,5,3.769,10:31:13,2026-07-16,-0.16,1,0.003,0.004,0.016,0.676,1.420,2.815,1,150,0.005,2.000000,0.058905,0.000000,0.029230,0.000000,0.000000,-0.000068,standard,0,mpf,7000,500,5.000000,2.000000,300,300,300,503.944153,25,-5.712484,499.683746,503.034943,-3.351196,2.511434,2.495313,1.658384,0.926462,0.211381,-0.004261,0.255695,0.111322,113.337280,0.000223,2.389264,-0.000064,1.000000,2.373994,-0.000050,1.000000,0.600671,0.600225,0.107215,0.000000,PSF-00548_20260716103603_23f,PFA-00618,PSA-00618,PSF-00548,RHS-0688,3.0.0,2022-04-21T19:36:20.491Z,MEASUREMENT_END
PSF-00548_20260716103603_23f,10:36:03,2026-07-16,PFA-00618,PSA-00618,PSF-00548,0.000000,0.000000,0.000000,511.210480,113.337280,0.778296,11.354332,TIME,0.000000,0.010000,0.020000,0.030000,0.040000,0.050000,0.060000,0.070000,0.080000,0.090000,0.100000,0.110000,0.120000,0.130000,0.140000,0.150000,0.160000,0.170000,0.180000,0.190000,0.200000,0.210000,0.220000,0.230000,0.240000,0.250000,0.260000,0.270000,0.280000,0.290000,0.300000,0.310000,0.320000,0.330000,0.340000,0.350000,0.360000,0.370000,0.380000,0.390000,0.400000,0.410000,0.420000,0.430000,0.440000,0.450000,0.460000,0.470000,0.480000,0.490000,0.500000,0.510000,0.520000,0.530000,0.540000,0.550000,0.560000,0.570000,0.580000,0.590000,0.600000,0.610000,0.620000,0.630000,0.640000,0.650000,0.660000,0.670000,0.680000,0.690000,0.700000,0.710000,0.720000,0.730000,0.740000,0.750000,0.760000,0.770000,0.780000,0.790000,0.800000,0.810000,0.820000,0.830000,0.839999,0.849999,0.859999,0.869999,0.879999,0.889999,FLR,285.189972,436.327454,480.166565,493.502136,498.331909,500.405426,501.429321,502.078064,502.536530,502.850891,503.199921,503.394470,503.553284,503.680573,503.788239,503.870117,503.905548,503.944153,503.939148,503.921631,503.904816,503.847961,503.782501,503.733154,503.645172,503.569000,503.470306,503.368011,503.265747,503.156677,503.059387,502.996796,502.861969,502.845154,502.717133,502.685303,502.547607,502.490387,502.356659,502.299774,502.242920,502.051605,501.984711,501.844177,501.750458,501.707184,501.572021,501.501556,501.423950,501.289490,501.256958,501.177185,501.029144,500.988708,500.880371,500.798096,500.693665,500.640045,500.551697,500.475159,499.493469,499.683746,499.619720,499.504913,499.326813,499.189850,499.058594,498.917328,498.817566,498.653778,498.567932,498.392334,498.242493,498.143066,498.003967,497.898804,497.756470,497.671722,497.550842,497.400635,497.325531,497.197144,497.090576,496.999756,496.881378,496.797333,496.705048,496.610657,496.525879,496.402496,PAR,6987.300293,6987.300293,6987.300293,6987.300293,6987.300293,6987.300293,6987.300293,6987.300293,6987.300293,6987.300293,6987.300293,6987.300293,6987.300293,6987.300293,6987.300293,6987.300293,6987.300293,6987.300293,6987.300293,6987.300293,6987.300293,6987.300293,6987.300293,6987.300293,6987.300293,6987.300293,6987.300293,6987.300293,6987.300293,6987.300293,6929.077148,6870.854004,6812.630859,6754.407715,6696.184570,6637.961914,6579.738770,6521.515625,6463.292480,6405.069336,6346.846680,6288.623535,6230.400391,6172.177246,6113.954102,6055.730957,5997.508301,5939.285156,5881.062012,5822.838867,5764.615723,5706.393066,5648.169922,5589.946777,5531.723633,5473.500488,5415.277344,5357.054688,5298.831543,5240.608398,6987.300293,6987.300293,6987.300293,6987.300293,6987.300293,6987.300293,6987.300293,6987.300293,6987.300293,6987.300293,6987.300293,6987.300293,6987.300293,6987.300293,6987.300293,6987.300293,6987.300293,6987.300293,6987.300293,6987.300293,6987.300293,6987.300293,6987.300293,6987.300293,6987.300293,6987.300293,6987.300293,6987.300293,6987.300293,6987.300293,PHASE,1,1,1,1,1,1,1,1,1,1,1,1,1,1,1,1,1,1,1,1,1,1,1,1,1,1,1,1,1,1,2,2,2,2,2,2,2,2,2,2,2,2,2,2,2,2,2,2,2,2,2,2,2,2,2,2,2,2,2,2,3,3,3,3,3,3,3,3,3,3,3,3,3,3,3,3,3,3,3,3,3,3,3,3,3,3,3,3,3,3,FLASH_END
20,10:36:12,2026-07-16,Auto gsw+F,LI-COR Default,,020,,,0.012898,2.920381,0.012841,0.091873,3.870813,3.868617,4.474636,0.603823,43.679382,43.704178,50.521759,0.441786,7.500000,PSF-00548_20260716103612_856,0.000000,0.000000,0.000000,107.809067,507.806610,0.787697,0.5,0.80,1.543993,1.000000,83.65,83.60,31.45,30.86,30.86,88.57,156.5,154.4,1.4,5,3.769,10:31:13,2026-07-16,-0.16,1,-0.000,-0.002,-9999.000,1.198,2.571,-9999.000,1,150,0.005,2.000000,0.058905,0.000000,0.029230,0.000000,0.000000,-0.000068,standard,0,mpf,7000,500,5.000000,2.000000,300,300,300,502.653137,25,-4.192549,498.622650,501.806366,-3.183716,2.511081,2.495000,1.658551,0.926271,0.211278,-0.006582,0.256696,0.111519,107.809067,0.000229,2.389264,-0.000064,1.000000,2.373994,-0.000050,1.000000,0.600671,0.600225,0.107215,0.000000,PSF-00548_20260716103612_856,PFA-00618,PSA-00618,PSF-00548,RHS-0688,3.0.0,2022-04-21T19:36:20.491Z,MEASUREMENT_END
PSF-00548_20260716103612_856,10:36:12,2026-07-16,PFA-00618,PSA-00618,PSF-00548,0.000000,0.000000,0.000000,507.806610,107.809067,0.787697,11.578701,TIME,0.000000,0.010000,0.020000,0.030000,0.040000,0.050000,0.060000,0.070000,0.080000,0.090000,0.100000,0.110000,0.120000,0.130000,0.140000,0.150000,0.160000,0.170000,0.180000,0.190000,0.200000,0.210000,0.220000,0.230000,0.240000,0.250000,0.260000,0.270000,0.280000,0.290000,0.300000,0.310000,0.320000,0.330000,0.340000,0.350000,0.360000,0.370000,0.380000,0.390000,0.400000,0.410000,0.420000,0.430000,0.440000,0.450000,0.460000,0.470000,0.480000,0.490000,0.500000,0.510000,0.520000,0.530000,0.540000,0.550000,0.560000,0.570000,0.580000,0.590000,0.600000,0.610000,0.620000,0.630000,0.640000,0.650000,0.660000,0.670000,0.680000,0.690000,0.700000,0.710000,0.720000,0.730000,0.740000,0.750000,0.760000,0.770000,0.780000,0.790000,0.800000,0.810000,0.820000,0.830000,0.839999,0.849999,0.859999,0.869999,0.879999,0.889999,FLR,272.945892,424.757477,475.160828,490.692261,496.051666,498.213531,499.174133,499.810333,500.321747,500.682220,501.089203,501.319519,501.553406,501.740814,501.924988,502.085938,502.296936,502.480743,502.623810,502.653137,502.596985,502.483246,502.493256,502.502930,502.482178,502.442474,502.389893,502.245422,502.079132,501.910675,501.837372,501.732239,501.572021,501.564850,501.442200,501.485107,501.306305,501.175049,501.101013,501.127472,501.226196,501.201874,501.270538,501.125702,501.046661,501.016266,500.940094,500.915771,500.870361,500.740540,500.687256,500.502350,500.281342,500.264893,500.172272,500.025269,499.925507,499.930145,499.849670,499.723450,498.417023,498.622650,498.567230,498.450623,498.301514,498.197449,498.076202,497.947449,497.881653,497.736084,497.658142,497.503296,497.403503,497.313019,497.201813,497.103088,496.985779,496.892456,496.813049,496.699677,496.662842,496.529816,496.447205,496.368530,496.270905,496.192566,496.116394,496.048798,495.990143,495.873932,PAR,6987.300293,6987.300293,6987.300293,6987.300293,6987.300293,6987.300293,6987.300293,6987.300293,6987.300293,6987.300293,6987.300293,6987.300293,6987.300293,6987.300293,6987.300293,6987.300293,6987.300293,6987.300293,6987.300293,6987.300293,6987.300293,6987.300293,6987.300293,6987.300293,6987.300293,6987.300293,6987.300293,6987.300293,6987.300293,6987.300293,6929.077148,6870.854004,6812.630859,6754.407715,6696.184570,6637.961914,6579.738770,6521.515625,6463.292480,6405.069336,6346.846680,6288.623535,6230.400391,6172.177246,6113.954102,6055.730957,5997.508301,5939.285156,5881.062012,5822.838867,5764.615723,5706.393066,5648.169922,5589.946777,5531.723633,5473.500488,5415.277344,5357.054688,5298.831543,5240.608398,6987.300293,6987.300293,6987.300293,6987.300293,6987.300293,6987.300293,6987.300293,6987.300293,6987.300293,6987.300293,6987.300293,6987.300293,6987.300293,6987.300293,6987.300293,6987.300293,6987.300293,6987.300293,6987.300293,6987.300293,6987.300293,6987.300293,6987.300293,6987.300293,6987.300293,6987.300293,6987.300293,6987.300293,6987.300293,6987.300293,PHASE,1,1,1,1,1,1,1,1,1,1,1,1,1,1,1,1,1,1,1,1,1,1,1,1,1,1,1,1,1,1,2,2,2,2,2,2,2,2,2,2,2,2,2,2,2,2,2,2,2,2,2,2,2,2,2,2,2,2,2,2,3,3,3,3,3,3,3,3,3,3,3,3,3,3,3,3,3,3,3,3,3,3,3,3,3,3,3,3,3,3,FLASH_END
21,10:36:24,2026-07-16,Auto gsw+F,LI-COR Default,,021,,,-0.003201,2.921988,-0.003204,-0.023820,3.895647,3.896216,4.522747,0.627100,43.992847,43.986427,51.067116,0.441786,7.500000,PSF-00548_20260716103624_c7f,0.000000,0.000000,0.000000,123.435616,529.359558,0.766821,0.5,0.80,1.877402,1.000000,84.11,84.12,31.46,31.04,31.04,88.56,156.7,154.3,1.5,6,3.768,10:31:13,2026-07-16,-0.16,1,0.004,0.004,0.012,1.096,2.746,5.057,1,150,0.005,2.000000,0.058905,0.000000,0.029230,0.000000,0.000000,-0.000068,standard,0,mpf,7000,500,5.000000,2.000000,300,300,300,523.973450,25,-4.716163,519.218811,522.609924,-3.391113,2.511768,2.495610,1.660214,0.926178,0.211143,-0.004577,0.258042,0.112591,123.435616,0.000224,2.389264,-0.000064,1.000000,2.373994,-0.000050,1.000000,0.600671,0.600225,0.107215,0.000000,PSF-00548_20260716103624_c7f,PFA-00618,PSA-00618,PSF-00548,RHS-0688,3.0.0,2022-04-21T19:36:20.491Z,MEASUREMENT_END
PSF-00548_20260716103624_c7f,10:36:24,2026-07-16,PFA-00618,PSA-00618,PSF-00548,0.000000,0.000000,0.000000,529.359558,123.435616,0.766821,12.799091,TIME,0.000000,0.010000,0.020000,0.030000,0.040000,0.050000,0.060000,0.070000,0.080000,0.090000,0.100000,0.110000,0.120000,0.130000,0.140000,0.150000,0.160000,0.170000,0.180000,0.190000,0.200000,0.210000,0.220000,0.230000,0.240000,0.250000,0.260000,0.270000,0.280000,0.290000,0.300000,0.310000,0.320000,0.330000,0.340000,0.350000,0.360000,0.370000,0.380000,0.390000,0.400000,0.410000,0.420000,0.430000,0.440000,0.450000,0.460000,0.470000,0.480000,0.490000,0.500000,0.510000,0.520000,0.530000,0.540000,0.550000,0.560000,0.570000,0.580000,0.590000,0.600000,0.610000,0.620000,0.630000,0.640000,0.650000,0.660000,0.670000,0.680000,0.690000,0.700000,0.710000,0.720000,0.730000,0.740000,0.750000,0.760000,0.770000,0.780000,0.790000,0.800000,0.810000,0.820000,0.830000,0.839999,0.849999,0.859999,0.869999,0.879999,0.889999,FLR,310.403473,462.609894,502.662048,514.588623,518.937012,520.828125,521.758667,522.327637,522.763245,523.057922,523.367310,523.558594,523.688416,523.800354,523.884766,523.924805,523.958069,523.973450,523.946655,523.887634,523.835083,523.762817,523.725281,523.653015,523.558960,523.479248,523.366211,523.242126,523.114807,522.946716,522.821899,522.715698,522.503601,522.491821,522.324829,522.315491,522.176758,522.133118,521.982178,521.927124,521.915649,521.739380,521.693237,521.590576,521.567017,521.482971,521.352051,521.304871,521.256592,521.115662,521.127808,521.014099,520.931458,520.896790,520.850281,520.798828,520.709045,520.679016,520.659302,520.573853,519.118286,519.218811,519.129761,518.985291,518.841125,518.705627,518.566162,518.425964,518.297913,518.144836,518.059387,517.891663,517.738953,517.627686,517.473572,517.336975,517.240784,517.103088,516.970764,516.819092,516.713623,516.540894,516.404968,516.317383,516.202576,516.057739,515.925049,515.791321,515.685791,515.557434,PAR,6987.300293,6987.300293,6987.300293,6987.300293,6987.300293,6987.300293,6987.300293,6987.300293,6987.300293,6987.300293,6987.300293,6987.300293,6987.300293,6987.300293,6987.300293,6987.300293,6987.300293,6987.300293,6987.300293,6987.300293,6987.300293,6987.300293,6987.300293,6987.300293,6987.300293,6987.300293,6987.300293,6987.300293,6987.300293,6987.300293,6929.077148,6870.854004,6812.630859,6754.407715,6696.184570,6637.961914,6579.738770,6521.515625,6463.292480,6405.069336,6346.846680,6288.623535,6230.400391,6172.177246,6113.954102,6055.730957,5997.508301,5939.285156,5881.062012,5822.838867,5764.615723,5706.393066,5648.169922,5589.946777,5531.723633,5473.500488,5415.277344,5357.054688,5298.831543,5240.608398,6987.300293,6987.300293,6987.300293,6987.300293,6987.300293,6987.300293,6987.300293,6987.300293,6987.300293,6987.300293,6987.300293,6987.300293,6987.300293,6987.300293,6987.300293,6987.300293,6987.300293,6987.300293,6987.300293,6987.300293,6987.300293,6987.300293,6987.300293,6987.300293,6987.300293,6987.300293,6987.300293,6987.300293,6987.300293,6987.300293,PHASE,1,1,1,1,1,1,1,1,1,1,1,1,1,1,1,1,1,1,1,1,1,1,1,1,1,1,1,1,1,1,2,2,2,2,2,2,2,2,2,2,2,2,2,2,2,2,2,2,2,2,2,2,2,2,2,2,2,2,2,2,3,3,3,3,3,3,3,3,3,3,3,3,3,3,3,3,3,3,3,3,3,3,3,3,3,3,3,3,3,3,FLASH_END
22,10:36:55,2026-07-16,Auto gsw+F,LI-COR Default,,022,,,-0.006620,2.919244,-0.006635,-0.038669,4.021704,4.022627,4.512864,0.491160,45.429798,45.419373,50.966328,0.441786,7.500000,PSF-00548_20260716103655_a42,0.000000,0.000000,0.000000,108.676315,445.793304,0.756218,0.5,0.80,9.328474,1.000000,86.58,86.60,31.51,31.01,31.01,88.55,156.4,154.4,1.3,31,3.728,10:31:13,2026-07-16,-0.16,1,0.005,0.005,-9999.000,0.011,-0.034,-9999.000,1,150,0.005,2.000000,0.058905,0.000000,0.029230,0.000000,0.000000,-0.000068,standard,0,mpf,7000,500,5.000000,2.000000,300,300,300,442.545898,25,-2.101729,443.061951,442.785370,0.276581,2.515076,2.498918,1.657379,0.926404,0.210728,-0.005617,0.261529,0.134300,108.676315,0.000228,2.389264,-0.000064,1.000000,2.373994,-0.000050,1.000000,0.600671,0.600225,0.107215,0.000000,PSF-00548_20260716103655_a42,PFA-00618,PSA-00618,PSF-00548,RHS-0688,3.0.0,2022-04-21T19:36:20.491Z,MEASUREMENT_END
PSF-00548_20260716103655_a42,10:36:55,2026-07-16,PFA-00618,PSA-00618,PSF-00548,0.000000,0.000000,0.000000,445.793304,108.676315,0.756218,37.517586,TIME,0.000000,0.010000,0.020000,0.030000,0.040000,0.050000,0.060000,0.070000,0.080000,0.090000,0.100000,0.110000,0.120000,0.130000,0.140000,0.150000,0.160000,0.170000,0.180000,0.190000,0.200000,0.210000,0.220000,0.230000,0.240000,0.250000,0.260000,0.270000,0.280000,0.290000,0.300000,0.310000,0.320000,0.330000,0.340000,0.350000,0.360000,0.370000,0.380000,0.390000,0.400000,0.410000,0.420000,0.430000,0.440000,0.450000,0.460000,0.470000,0.480000,0.490000,0.500000,0.510000,0.520000,0.530000,0.540000,0.550000,0.560000,0.570000,0.580000,0.590000,0.600000,0.610000,0.620000,0.630000,0.640000,0.650000,0.660000,0.670000,0.680000,0.690000,0.700000,0.710000,0.720000,0.730000,0.740000,0.750000,0.760000,0.770000,0.780000,0.790000,0.800000,0.810000,0.820000,0.830000,0.839999,0.849999,0.859999,0.869999,0.879999,0.889999,FLR,249.540573,377.866028,415.799622,427.614197,432.908173,435.945160,437.774780,438.966400,439.765320,440.272461,440.678711,440.926208,441.142212,441.331390,441.474091,441.608917,441.712250,441.833862,441.937927,441.997284,442.098145,442.141785,442.210449,442.263733,442.320221,442.376007,442.404999,442.437531,442.507263,442.545898,442.595612,442.561981,442.566620,442.599182,442.594177,442.598816,442.605255,442.588440,442.601318,442.575928,442.580933,442.529785,442.501892,442.490448,442.464355,442.392822,442.374939,442.323090,442.271576,442.246918,442.238678,442.144287,442.107452,442.064178,441.963318,441.887512,441.881775,441.795959,441.720856,441.589966,442.507996,442.995056,443.061951,443.032257,442.977905,442.942871,442.885986,442.849884,442.849152,442.802673,442.818756,442.744019,442.734375,442.720062,442.668915,442.669983,442.651031,442.626709,442.622772,442.609894,442.612061,442.565552,442.560181,442.559845,442.564484,442.536591,442.534790,442.508698,442.500122,442.487946,PAR,6987.300293,6987.300293,6987.300293,6987.300293,6987.300293,6987.300293,6987.300293,6987.300293,6987.300293,6987.300293,6987.300293,6987.300293,6987.300293,6987.300293,6987.300293,6987.300293,6987.300293,6987.300293,6987.300293,6987.300293,6987.300293,6987.300293,6987.300293,6987.300293,6987.300293,6987.300293,6987.300293,6987.300293,6987.300293,6987.300293,6929.077148,6870.854004,6812.630859,6754.407715,6696.184570,6637.961914,6579.738770,6521.515625,6463.292480,6405.069336,6346.846680,6288.623535,6230.400391,6172.177246,6113.954102,6055.730957,5997.508301,5939.285156,5881.062012,5822.838867,5764.615723,5706.393066,5648.169922,5589.946777,5531.723633,5473.500488,5415.277344,5357.054688,5298.831543,5240.608398,6987.300293,6987.300293,6987.300293,6987.300293,6987.300293,6987.300293,6987.300293,6987.300293,6987.300293,6987.300293,6987.300293,6987.300293,6987.300293,6987.300293,6987.300293,6987.300293,6987.300293,6987.300293,6987.300293,6987.300293,6987.300293,6987.300293,6987.300293,6987.300293,6987.300293,6987.300293,6987.300293,6987.300293,6987.300293,6987.300293,PHASE,1,1,1,1,1,1,1,1,1,1,1,1,1,1,1,1,1,1,1,1,1,1,1,1,1,1,1,1,1,1,2,2,2,2,2,2,2,2,2,2,2,2,2,2,2,2,2,2,2,2,2,2,2,2,2,2,2,2,2,2,3,3,3,3,3,3,3,3,3,3,3,3,3,3,3,3,3,3,3,3,3,3,3,3,3,3,3,3,3,3,FLASH_END
23,10:37:12,2026-07-16,Auto gsw+F,LI-COR Default,,023,,,0.069067,2.919342,0.067470,0.367828,4.045066,4.036287,4.504487,0.459421,45.584194,45.683342,50.871853,0.441786,7.500000,PSF-00548_20260716103712_7db,0.000000,0.000000,0.000000,104.659439,443.986816,0.764274,0.5,0.80,10.626020,1.000000,86.94,86.75,31.54,30.97,30.97,88.55,156.4,154.4,1.3,35,3.767,10:31:13,2026-07-16,-0.16,1,-0.001,0.001,-9999.000,0.307,0.770,-9999.000,1,150,0.005,2.000000,0.058905,0.000000,0.029230,0.000000,0.000000,-0.000068,standard,0,mpf,7000,500,5.000000,2.000000,300,300,300,443.190704,25,-0.563612,443.427795,443.180206,0.247589,2.515263,2.499388,1.657479,0.926395,0.210481,-0.006352,0.263395,0.137742,104.659439,0.000226,2.389264,-0.000064,1.000000,2.373994,-0.000050,1.000000,0.600671,0.600225,0.107215,0.000000,PSF-00548_20260716103712_7db,PFA-00618,PSA-00618,PSF-00548,RHS-0688,3.0.0,2022-04-21T19:36:20.491Z,MEASUREMENT_END
PSF-00548_20260716103712_7db,10:37:12,2026-07-16,PFA-00618,PSA-00618,PSF-00548,0.000000,0.000000,0.000000,443.986816,104.659439,0.764274,41.436924,TIME,0.000000,0.010000,0.020000,0.030000,0.040000,0.050000,0.060000,0.070000,0.080000,0.090000,0.100000,0.110000,0.120000,0.130000,0.140000,0.150000,0.160000,0.170000,0.180000,0.190000,0.200000,0.210000,0.220000,0.230000,0.240000,0.250000,0.260000,0.270000,0.280000,0.290000,0.300000,0.310000,0.320000,0.330000,0.340000,0.350000,0.360000,0.370000,0.380000,0.390000,0.400000,0.410000,0.420000,0.430000,0.440000,0.450000,0.460000,0.470000,0.480000,0.490000,0.500000,0.510000,0.520000,0.530000,0.540000,0.550000,0.560000,0.570000,0.580000,0.590000,0.600000,0.610000,0.620000,0.630000,0.640000,0.650000,0.660000,0.670000,0.680000,0.690000,0.700000,0.710000,0.720000,0.730000,0.740000,0.750000,0.760000,0.770000,0.780000,0.790000,0.800000,0.810000,0.820000,0.830000,0.839999,0.849999,0.859999,0.869999,0.879999,0.889999,FLR,248.303177,378.053070,420.492401,434.054718,438.830139,440.642609,441.465149,441.896790,442.207581,442.410706,442.621002,442.712189,442.797302,442.887054,442.935699,442.997589,443.003998,443.028687,443.067322,443.079834,443.157440,443.143860,443.160645,443.190704,443.188538,443.172821,443.161011,443.159210,443.161377,443.154205,443.197144,443.173523,443.152069,443.162811,443.130249,443.160645,443.127747,443.126678,443.130981,443.109497,443.097351,443.053009,443.054443,443.063385,443.085907,443.044067,443.054810,443.032257,443.013306,442.986847,443.034424,442.998291,442.963959,443.000092,442.978607,442.944641,442.944275,442.950714,442.950714,442.901733,443.075531,443.427795,443.424927,443.389191,443.319092,443.265076,443.253632,443.229675,443.217163,443.155273,443.165649,443.100922,443.069824,443.037262,442.986145,442.939270,442.885986,442.836273,442.820557,442.744385,442.739380,442.628845,442.581299,442.526581,442.462921,442.381012,442.307709,442.259796,442.190765,442.092407,PAR,6987.300293,6987.300293,6987.300293,6987.300293,6987.300293,6987.300293,6987.300293,6987.300293,6987.300293,6987.300293,6987.300293,6987.300293,6987.300293,6987.300293,6987.300293,6987.300293,6987.300293,6987.300293,6987.300293,6987.300293,6987.300293,6987.300293,6987.300293,6987.300293,6987.300293,6987.300293,6987.300293,6987.300293,6987.300293,6987.300293,6929.077148,6870.854004,6812.630859,6754.407715,6696.184570,6637.961914,6579.738770,6521.515625,6463.292480,6405.069336,6346.846680,6288.623535,6230.400391,6172.177246,6113.954102,6055.730957,5997.508301,5939.285156,5881.062012,5822.838867,5764.615723,5706.393066,5648.169922,5589.946777,5531.723633,5473.500488,5415.277344,5357.054688,5298.831543,5240.608398,6987.300293,6987.300293,6987.300293,6987.300293,6987.300293,6987.300293,6987.300293,6987.300293,6987.300293,6987.300293,6987.300293,6987.300293,6987.300293,6987.300293,6987.300293,6987.300293,6987.300293,6987.300293,6987.300293,6987.300293,6987.300293,6987.300293,6987.300293,6987.300293,6987.300293,6987.300293,6987.300293,6987.300293,6987.300293,6987.300293,PHASE,1,1,1,1,1,1,1,1,1,1,1,1,1,1,1,1,1,1,1,1,1,1,1,1,1,1,1,1,1,1,2,2,2,2,2,2,2,2,2,2,2,2,2,2,2,2,2,2,2,2,2,2,2,2,2,2,2,2,2,2,3,3,3,3,3,3,3,3,3,3,3,3,3,3,3,3,3,3,3,3,3,3,3,3,3,3,3,3,3,3,FLASH_END
