Obs#,Time,Date,configName,configAuthor,remark,Observation,,,gsw,gbw,gtw,E_apparent,VPcham,VPref,VPleaf,VPDleaf,H2O_r,H2O_s,H2O_leaf,leaf_area,leaf_width,flashID,Fo,Fm,Fv/Fm,Fs,Fm',PhiPS2,PS2/1,abs,ETR,TRANS,rh_s,rh_r,Tref,Tmeas,Tleaf,P_atm,flow,flow_s,leak_pct,Qamb,batt,match_time,match_date,rh_adj,type,gsw1sec,gsw2sec,gsw4sec,flr1sec,flr2sec,flr4sec,auto,flow_set,gsw_limit,gsw_period,aw,Bla,Blb,Blc,Bld,Ble,chamber,dark,flash_type,flash_intensity,modrate,flr_limit,flr_period,P1_dur,P2_dur,P3_dur,P1_Fmax,P2_ramp,P2_slp,P3_Fmax,P3_Pred,P3_DeltaF,v_humA,v_humB,v_flowIn,v_flowOut,v_temp,v_irt,v_pres,v_par,v_F,i_LED,b_rhr,m_rhr,span_rhr,b_rhs,m_rhs,span_rhs,z_flowIn,z_flowOut,z_quantum,z_flr,flashId,lciSerNum,lcpSerNum,lcfSerNum,lcrhSerNum,version,configUpdatedAt,MEASUREMENT_HEADER_END,,,,,,,,,,,,,,,,,,,,,,,,,,,,,,,,,,,,,,,,,,,,,,,,,,,,,,,,,,,,,,,,,,,,,,,,,,,,,,,,,,,,,,,,,,,,,,,,,,,,,,,,,,,,,,,,,,,,,,,,,,,,,,,,,,,,,,,,,,,,,,,,,,,,,,,,,,,,,,,,,,,,,,,,,,,,,,,,,,,,,,,,,,,,,,,,,,,,,,,,,,,,,,,,,,,,,,,,,,,,,,,,,,,,,,,,,,,,,,,,,,,,,,,,,,,,,,,,,,,,,,,,,,,,,,
flashId,time,date,lciSerialNumber,lcpSerialNumber,lcfSerialNumber,Fm,Fo,Fv/Fm,Fm',Fs,PhiPS2,LightIntensity,data[],FLASH_HEADER_END,,,,,,,,,,,,,,,,,,,,,,,,,,,,,,,,,,,,,,,,,,,,,,,,,,,,,,,,,,,,,,,,,,,,,,,,,,,,,,,,,,,,,,,,,,,,,,,,,,,,,,,,,,,,,,,,,,,,,,,,,,,,,,,,,,,,,,,,,,,,,,,,,,,,,,,,,,,,,,,,,,,,,,,,,,,,,,,,,,,,,,,,,,,,,,,,,,,,,,,,,,,,,,,,,,,,,,,,,,,,,,,,,,,,,,,,,,,,,,,,,,,,,,,,,,,,,,,,,,,,,,,,,,,,,,,,,,,,,,,,,,,,,,,,,,,,,,,,,,,,,,,,,,,,,,,,,,,,,,,,,,,,,,,,,,,,,,,,,,,,,,,,,,,,,,,,,,,,,,,,,,,
Obs#,Time,Date,configName,configAuthor,remark,Observation,,,gsw,gbw,gtw,E_apparent,VPcham,VPref,VPleaf,VPDleaf,H2O_r,H2O_s,H2O_leaf,leaf_area,leaf_width,flashID,Fo,Fm,Fv/Fm,Fs,Fm',PhiPS2,PS2/1,abs,ETR,TRANS,rh_s,rh_r,Tref,Tmeas,Tleaf,P_atm,flow,flow_s,leak_pct,Qamb,batt,match_time,match_date,rh_adj,type,gsw1sec,gsw2sec,gsw4sec,flr1sec,flr2sec,flr4sec,auto,flow_set,gsw_limit,gsw_period,aw,Bla,Blb,Blc,Bld,Ble,chamber,dark,flash_type,flash_intensity,modrate,flr_limit,flr_period,P1_dur,P2_dur,P3_dur,P1_Fmax,P2_ramp,P2_slp,P3_Fmax,P3_Pred,P3_DeltaF,v_humA,v_humB,v_flowIn,v_flowOut,v_temp,v_irt,v_pres,v_par,v_F,i_LED,b_rhr,m_rhr,span_rhr,b_rhs,m_rhs,span_rhs,z_flowIn,z_flowOut,z_quantum,z_flr,flashId,lciSerNum,lcpSerNum,lcfSerNum,lcrhSerNum,version,configUpdatedAt,MEASUREMENT_HEADER_END,,,,,,,,,,,,,,,,,,,,,,,,,,,,,,,,,,,,,,,,,,,,,,,,,,,,,,,,,,,,,,,,,,,,,,,,,,,,,,,,,,,,,,,,,,,,,,,,,,,,,,,,,,,,,,,,,,,,,,,,,,,,,,,,,,,,,,,,,,,,,,,,,,,,,,,,,,,,,,,,,,,,,,,,,,,,,,,,,,,,,,,,,,,,,,,,,,,,,,,,,,,,,,,,,,,,,,,,,,,,,,,,,,,,,,,,,,,,,,,,,,,,,,,,,,,,,,,,,,,,,,,,,,,,,,
flashId,time,date,lciSerialNumber,lcpSerialNumber,lcfSerialNumber,Fm,Fo,Fv/Fm,Fm',Fs,PhiPS2,LightIntensity,data[],FLASH_HEADER_END,,,,,,,,,,,,,,,,,,,,,,,,,,,,,,,,,,,,,,,,,,,,,,,,,,,,,,,,,,,,,,,,,,,,,,,,,,,,,,,,,,,,,,,,,,,,,,,,,,,,,,,,,,,,,,,,,,,,,,,,,,,,,,,,,,,,,,,,,,,,,,,,,,,,,,,,,,,,,,,,,,,,,,,,,,,,,,,,,,,,,,,,,,,,,,,,,,,,,,,,,,,,,,,,,,,,,,,,,,,,,,,,,,,,,,,,,,,,,,,,,,,,,,,,,,,,,,,,,,,,,,,,,,,,,,,,,,,,,,,,,,,,,,,,,,,,,,,,,,,,,,,,,,,,,,,,,,,,,,,,,,,,,,,,,,,,,,,,,,,,,,,,,,,,,,,,,,,,,,,,,,,
1,6:07:10,7/1/2026,Auto gsw+F,LI-COR Default,,001,,,0.006122,2.79209,0.006109,0.058845,2.187579,2.186007,3.013111,0.825532,24.757286,24.775097,34.124538,0.441786,7.5,PSF-00548_20260701070710_7d2,0,0,0,254.28772,601.628052,0.577334,0.5,0.8,0.336664,1,71.37,71.32,24.39,24.1,24.1,88.3,142.3,141.5,0.6,1,4.093,7:06:46,7/1/2026,0.48,1,-0.001,0,0.004,1.805,4.233,11.523,1,150,0.005,2,0.058905,0,0.02923,0,0,-0.000068,standard,0,mpf,7000,500,5,2,300,300,300,601.628052,25,-1.061773,594.768738,600.108459,-5.339722,2.497124,2.480001,1.541845,0.894787,0.279499,-0.002613,0.219409,0.108495,254.28772,0.000221,2.389264,-0.000064,1,2.373994,-0.00005,1,0.600671,0.600225,0.107215,0,PSF-00548_20260701070710_7d2,PFA-00618,PSA-00618,PSF-00548,RHS-0688,3.0.0,2022-04-21T19:36:20.491Z,MEASUREMENT_END,,,,,,,,,,,,,,,,,,,,,,,,,,,,,,,,,,,,,,,,,,,,,,,,,,,,,,,,,,,,,,,,,,,,,,,,,,,,,,,,,,,,,,,,,,,,,,,,,,,,,,,,,,,,,,,,,,,,,,,,,,,,,,,,,,,,,,,,,,,,,,,,,,,,,,,,,,,,,,,,,,,,,,,,,,,,,,,,,,,,,,,,,,,,,,,,,,,,,,,,,,,,,,,,,,,,,,,,,,,,,,,,,,,,,,,,,,,,,,,,,,,,,,,,,,,,,,,,,,,,,,,,,,,,,,
PSF-00548_20260701070710_7d2,6:07:10,7/1/2026,PFA-00618,PSA-00618,PSF-00548,0,0,0,601.628052,254.28772,0.577334,8.1362,TIME,0,0.01,0.02,0.03,0.04,0.05,0.06,0.07,0.08,0.09,0.1,0.11,0.12,0.13,0.14,0.15,0.16,0.17,0.18,0.19,0.2,0.21,0.22,0.23,0.24,0.25,0.26,0.27,0.28,0.29,0.3,0.31,0.32,0.33,0.34,0.35,0.36,0.37,0.38,0.39,0.4,0.41,0.42,0.43,0.44,0.45,0.46,0.47,0.48,0.49,0.5,0.51,0.52,0.53,0.54,0.55,0.56,0.57,0.58,0.59,0.6,0.61,0.62,0.63,0.64,0.65,0.66,0.67,0.68,0.69,0.7,0.71,0.72,0.73,0.74,0.75,0.76,0.77,0.78,0.79,0.8,0.81,0.82,0.83,0.839999,0.849999,0.859999,0.869999,0.879999,0.889999,FLR,452.396393,560.00769,584.648254,593.558899,597.368713,599.2724,600.318787,600.947144,601.339111,601.517578,601.628052,601.594421,601.580505,601.54187,601.454285,601.36377,601.263672,601.172791,601.082703,600.942505,600.871704,600.688965,600.617432,600.536926,600.38855,600.283752,600.131775,599.980103,599.82489,599.653625,599.544556,599.660767,599.452271,599.564575,599.364258,599.473328,599.311707,599.377869,599.218018,599.280212,599.404358,599.173645,599.25415,599.146118,599.145752,599.187622,599.032043,599.087463,599.137878,598.96875,599.108948,599.134338,598.945129,599.057068,599.11499,599.171509,599.006287,599.074219,599.116821,599.124695,594.768738,594.611755,594.438293,594.259155,594.078186,593.859314,593.629333,593.439819,593.282471,593.110779,592.952393,592.700256,592.450623,592.258545,592.019653,591.821899,591.62738,591.436768,591.265442,591.043335,590.903503,590.624573,590.389282,590.17572,589.926819,589.697571,589.484802,589.27417,589.073181,588.853577,PAR,6987.300293,6987.300293,6987.300293,6987.300293,6987.300293,6987.300293,6987.300293,6987.300293,6987.300293,6987.300293,6987.300293,6987.300293,6987.300293,6987.300293,6987.300293,6987.300293,6987.300293,6987.300293,6987.300293,6987.300293,6987.300293,6987.300293,6987.300293,6987.300293,6987.300293,6987.300293,6987.300293,6987.300293,6987.300293,6987.300293,6929.077148,6870.854004,6812.630859,6754.407715,6696.18457,6637.961914,6579.73877,6521.515625,6463.29248,6405.069336,6346.84668,6288.623535,6230.400391,6172.177246,6113.954102,6055.730957,5997.508301,5939.285156,5881.062012,5822.838867,5764.615723,5706.393066,5648.169922,5589.946777,5531.723633,5473.500488,5415.277344,5357.054688,5298.831543,5240.608398,6987.300293,6987.300293,6987.300293,6987.300293,6987.300293,6987.300293,6987.300293,6987.300293,6987.300293,6987.300293,6987.300293,6987.300293,6987.300293,6987.300293,6987.300293,6987.300293,6987.300293,6987.300293,6987.300293,6987.300293,6987.300293,6987.300293,6987.300293,6987.300293,6987.300293,6987.300293,6987.300293,6987.300293,6987.300293,6987.300293,PHASE,1,1,1,1,1,1,1,1,1,1,1,1,1,1,1,1,1,1,1,1,1,1,1,1,1,1,1,1,1,1,2,2,2,2,2,2,2,2,2,2,2,2,2,2,2,2,2,2,2,2,2,2,2,2,2,2,2,2,2,2,3,3,3,3,3,3,3,3,3,3,3,3,3,3,3,3,3,3,3,3,3,3,3,3,3,3,3,3,3,3,FLASH_END
2,6:07:29,7/1/2026,Auto gsw+F,LI-COR Default,,002,,,-0.002647,2.778749,-0.002649,-0.02566,2.182597,2.183289,3.01269,0.830093,24.726934,24.719095,34.120342,0.441786,7.5,PSF-00548_20260701070729_87d,0,0,0,277.500641,613.124756,0.547399,0.5,0.8,0.486207,1,71.03,71.06,24.43,24.1,24.1,88.3,141,140.7,0.2,2,4.092,7:06:46,7/1/2026,0.48,1,0.001,0.002,-0.003,2.067,4.238,11.877,1,150,0.005,2,0.058905,0,0.02923,0,0,-0.000068,standard,0,mpf,7000,500,5,2,300,300,300,613.124756,25,-0.101814,606.425659,612.979065,-6.553406,2.496761,2.479548,1.531142,0.892947,0.279041,-0.003094,0.221819,0.109165,277.500641,0.000223,2.389264,-0.000064,1,2.373994,-0.00005,1,0.600671,0.600225,0.107215,0,PSF-00548_20260701070729_87d,PFA-00618,PSA-00618,PSF-00548,RHS-0688,3.0.0,2022-04-21T19:36:20.491Z,MEASUREMENT_END,,,,,,,,,,,,,,,,,,,,,,,,,,,,,,,,,,,,,,,,,,,,,,,,,,,,,,,,,,,,,,,,,,,,,,,,,,,,,,,,,,,,,,,,,,,,,,,,,,,,,,,,,,,,,,,,,,,,,,,,,,,,,,,,,,,,,,,,,,,,,,,,,,,,,,,,,,,,,,,,,,,,,,,,,,,,,,,,,,,,,,,,,,,,,,,,,,,,,,,,,,,,,,,,,,,,,,,,,,,,,,,,,,,,,,,,,,,,,,,,,,,,,,,,,,,,,,,,,,,,,,,,,,,,,,
PSF-00548_20260701070729_87d,6:07:29,7/1/2026,PFA-00618,PSA-00618,PSF-00548,0,0,0,613.124756,277.500641,0.547399,8.898892,TIME,0,0.01,0.02,0.03,0.04,0.05,0.06,0.07,0.08,0.09,0.1,0.11,0.12,0.13,0.14,0.15,0.16,0.17,0.18,0.19,0.2,0.21,0.22,0.23,0.24,0.25,0.26,0.27,0.28,0.29,0.3,0.31,0.32,0.33,0.34,0.35,0.36,0.37,0.38,0.39,0.4,0.41,0.42,0.43,0.44,0.45,0.46,0.47,0.48,0.49,0.5,0.51,0.52,0.53,0.54,0.55,0.56,0.57,0.58,0.59,0.6,0.61,0.62,0.63,0.64,0.65,0.66,0.67,0.68,0.69,0.7,0.71,0.72,0.73,0.74,0.75,0.76,0.77,0.78,0.79,0.8,0.81,0.82,0.83,0.839999,0.849999,0.859999,0.869999,0.879999,0.889999,FLR,472.975372,571.563721,594.721924,603.814941,608.017822,610.290161,611.570129,612.310791,612.745667,612.969543,613.124756,613.091125,613.053894,612.994934,612.85791,612.750977,612.625122,612.46814,612.345459,612.184509,612.086914,611.914185,611.757141,611.633423,611.460327,611.309753,611.142029,610.966797,610.854126,610.710022,610.59198,610.666748,610.487915,610.630249,610.447876,610.543396,610.424622,610.50116,610.349182,610.380676,610.515808,610.364563,610.451111,610.330566,610.41925,610.473267,610.344543,610.39856,610.467896,610.344177,610.475769,610.484009,610.334534,610.432495,610.477539,610.540161,610.412476,610.487915,610.541931,610.555908,606.425659,606.255432,606.100586,605.936768,605.754395,605.565552,605.481506,605.296997,605.124207,604.953979,604.804138,604.57489,604.387512,604.209412,603.979797,603.797058,603.626465,603.435547,603.245972,603.039612,602.884033,602.639771,602.427002,602.211365,602.017517,601.843689,601.645203,601.443542,601.225037,600.985779,PAR,6987.300293,6987.300293,6987.300293,6987.300293,6987.300293,6987.300293,6987.300293,6987.300293,6987.300293,6987.300293,6987.300293,6987.300293,6987.300293,6987.300293,6987.300293,6987.300293,6987.300293,6987.300293,6987.300293,6987.300293,6987.300293,6987.300293,6987.300293,6987.300293,6987.300293,6987.300293,6987.300293,6987.300293,6987.300293,6987.300293,6929.077148,6870.854004,6812.630859,6754.407715,6696.18457,6637.961914,6579.73877,6521.515625,6463.29248,6405.069336,6346.84668,6288.623535,6230.400391,6172.177246,6113.954102,6055.730957,5997.508301,5939.285156,5881.062012,5822.838867,5764.615723,5706.393066,5648.169922,5589.946777,5531.723633,5473.500488,5415.277344,5357.054688,5298.831543,5240.608398,6987.300293,6987.300293,6987.300293,6987.300293,6987.300293,6987.300293,6987.300293,6987.300293,6987.300293,6987.300293,6987.300293,6987.300293,6987.300293,6987.300293,6987.300293,6987.300293,6987.300293,6987.300293,6987.300293,6987.300293,6987.300293,6987.300293,6987.300293,6987.300293,6987.300293,6987.300293,6987.300293,6987.300293,6987.300293,6987.300293,PHASE,1,1,1,1,1,1,1,1,1,1,1,1,1,1,1,1,1,1,1,1,1,1,1,1,1,1,1,1,1,1,2,2,2,2,2,2,2,2,2,2,2,2,2,2,2,2,2,2,2,2,2,2,2,2,2,2,2,2,2,2,3,3,3,3,3,3,3,3,3,3,3,3,3,3,3,3,3,3,3,3,3,3,3,3,3,3,3,3,3,3,FLASH_END
3,6:07:49,7/1/2026,Auto gsw+F,LI-COR Default,,003,,,-0.003589,2.779928,-0.003594,-0.034903,2.188891,2.189832,3.021133,0.832242,24.800474,24.78982,34.215199,0.441786,7.5,PSF-00548_20260701070749_e20,0,0,0,245.226501,588.871155,0.583565,0.5,0.8,0.337922,1,71.09,71.12,24.46,24.14,24.14,88.3,141.1,140.7,0.3,1,4.093,7:06:46,7/1/2026,0.48,1,-0.001,0.002,-0.003,1.831,4.013,10.327,1,150,0.005,2,0.058905,0,0.02923,0,0,-0.000068,standard,0,mpf,7000,500,5,2,300,300,300,588.672302,25,-1.752653,581.579834,586.362793,-4.782959,2.496827,2.479603,1.532079,0.892979,0.278638,-0.002982,0.224153,0.108486,245.226501,0.000223,2.389264,-0.000064,1,2.373994,-0.00005,1,0.600671,0.600225,0.107215,0,PSF-00548_20260701070749_e20,PFA-00618,PSA-00618,PSF-00548,RHS-0688,3.0.0,2022-04-21T19:36:20.491Z,MEASUREMENT_END,,,,,,,,,,,,,,,,,,,,,,,,,,,,,,,,,,,,,,,,,,,,,,,,,,,,,,,,,,,,,,,,,,,,,,,,,,,,,,,,,,,,,,,,,,,,,,,,,,,,,,,,,,,,,,,,,,,,,,,,,,,,,,,,,,,,,,,,,,,,,,,,,,,,,,,,,,,,,,,,,,,,,,,,,,,,,,,,,,,,,,,,,,,,,,,,,,,,,,,,,,,,,,,,,,,,,,,,,,,,,,,,,,,,,,,,,,,,,,,,,,,,,,,,,,,,,,,,,,,,,,,,,,,,,,
PSF-00548_20260701070749_e20,6:07:49,7/1/2026,PFA-00618,PSA-00618,PSF-00548,0,0,0,588.871155,245.226501,0.583565,8.126019,TIME,0,0.01,0.02,0.03,0.04,0.05,0.06,0.07,0.08,0.09,0.1,0.11,0.12,0.13,0.14,0.15,0.16,0.17,0.18,0.19,0.2,0.21,0.22,0.23,0.24,0.25,0.26,0.27,0.28,0.29,0.3,0.31,0.32,0.33,0.34,0.35,0.36,0.37,0.38,0.39,0.4,0.41,0.42,0.43,0.44,0.45,0.46,0.47,0.48,0.49,0.5,0.51,0.52,0.53,0.54,0.55,0.56,0.57,0.58,0.59,0.6,0.61,0.62,0.63,0.64,0.65,0.66,0.67,0.68,0.69,0.7,0.71,0.72,0.73,0.74,0.75,0.76,0.77,0.78,0.79,0.8,0.81,0.82,0.83,0.839999,0.849999,0.859999,0.869999,0.879999,0.889999,FLR,450.824249,554.654724,575.6521,582.658752,585.552673,586.980713,587.767822,588.198059,588.479492,588.583252,588.672302,588.610779,588.574646,588.498108,588.332153,588.210938,588.098999,588.015686,587.948059,587.80072,587.729919,587.547546,587.411987,587.298645,587.117676,586.981445,586.842285,586.724976,586.578369,586.404175,586.305115,586.401001,586.255066,586.38562,586.214661,586.342712,586.148865,586.236145,586.069092,586.124512,586.255432,586.04834,586.071228,585.913879,585.958618,586.012939,585.81842,585.889221,585.956787,585.790527,585.831665,585.780884,585.666077,585.739014,585.760498,585.767639,585.582764,585.577026,585.604187,585.613159,581.579834,581.382751,581.185669,580.998291,580.757629,580.530151,580.320618,580.098877,579.943665,579.711548,579.562805,579.334961,579.112549,578.932983,578.689453,578.468811,578.222778,578.002075,577.80719,577.606567,577.405579,577.151306,576.869507,576.612,576.365601,576.128845,575.936462,575.747253,575.585938,575.374268,PAR,6987.300293,6987.300293,6987.300293,6987.300293,6987.300293,6987.300293,6987.300293,6987.300293,6987.300293,6987.300293,6987.300293,6987.300293,6987.300293,6987.300293,6987.300293,6987.300293,6987.300293,6987.300293,6987.300293,6987.300293,6987.300293,6987.300293,6987.300293,6987.300293,6987.300293,6987.300293,6987.300293,6987.300293,6987.300293,6987.300293,6929.077148,6870.854004,6812.630859,6754.407715,6696.18457,6637.961914,6579.73877,6521.515625,6463.29248,6405.069336,6346.84668,6288.623535,6230.400391,6172.177246,6113.954102,6055.730957,5997.508301,5939.285156,5881.062012,5822.838867,5764.615723,5706.393066,5648.169922,5589.946777,5531.723633,5473.500488,5415.277344,5357.054688,5298.831543,5240.608398,6987.300293,6987.300293,6987.300293,6987.300293,6987.300293,6987.300293,6987.300293,6987.300293,6987.300293,6987.300293,6987.300293,6987.300293,6987.300293,6987.300293,6987.300293,6987.300293,6987.300293,6987.300293,6987.300293,6987.300293,6987.300293,6987.300293,6987.300293,6987.300293,6987.300293,6987.300293,6987.300293,6987.300293,6987.300293,6987.300293,PHASE,1,1,1,1,1,1,1,1,1,1,1,1,1,1,1,1,1,1,1,1,1,1,1,1,1,1,1,1,1,1,2,2,2,2,2,2,2,2,2,2,2,2,2,2,2,2,2,2,2,2,2,2,2,2,2,2,2,2,2,2,3,3,3,3,3,3,3,3,3,3,3,3,3,3,3,3,3,3,3,3,3,3,3,3,3,3,3,3,3,3,FLASH_END
4,6:08:13,7/1/2026,Auto gsw+F,LI-COR Default,,004,,,0.001486,2.787429,0.001485,0.013588,2.234257,2.233893,3.018067,0.783809,25.302774,25.3069,34.184921,0.441786,7.5,PSF-00548_20260701070813_075,0,0,0,133.054733,560.348877,0.76255,0.5,0.8,0.462184,1,72.37,72.36,24.51,24.13,24.13,88.29,141.9,141.3,0.4,2,4.061,7:06:46,7/1/2026,0.48,1,-0.002,0.001,0,1.489,3.008,6.865,1,150,0.005,2,0.058905,0,0.02923,0,0,-0.000068,standard,0,mpf,7000,500,5,2,300,300,300,560.348877,25,1.199949,557.778931,562.066223,-4.287292,2.49846,2.481276,1.538081,0.894367,0.278161,-0.003645,0.226926,0.108546,133.054733,0.000222,2.389264,-0.000064,1,2.373994,-0.00005,1,0.600671,0.600225,0.107215,0,PSF-00548_20260701070813_075,PFA-00618,PSA-00618,PSF-00548,RHS-0688,3.0.0,2022-04-21T19:36:20.491Z,MEASUREMENT_END,,,,,,,,,,,,,,,,,,,,,,,,,,,,,,,,,,,,,,,,,,,,,,,,,,,,,,,,,,,,,,,,,,,,,,,,,,,,,,,,,,,,,,,,,,,,,,,,,,,,,,,,,,,,,,,,,,,,,,,,,,,,,,,,,,,,,,,,,,,,,,,,,,,,,,,,,,,,,,,,,,,,,,,,,,,,,,,,,,,,,,,,,,,,,,,,,,,,,,,,,,,,,,,,,,,,,,,,,,,,,,,,,,,,,,,,,,,,,,,,,,,,,,,,,,,,,,,,,,,,,,,,,,,,,,
PSF-00548_20260701070813_075,6:08:13,7/1/2026,PFA-00618,PSA-00618,PSF-00548,0,0,0,560.348877,133.054733,0.76255,8.193616,TIME,0,0.01,0.02,0.03,0.04,0.05,0.06,0.07,0.08,0.09,0.1,0.11,0.12,0.13,0.14,0.15,0.16,0.17,0.18,0.19,0.2,0.21,0.22,0.23,0.24,0.25,0.26,0.27,0.28,0.29,0.3,0.31,0.32,0.33,0.34,0.35,0.36,0.37,0.38,0.39,0.4,0.41,0.42,0.43,0.44,0.45,0.46,0.47,0.48,0.49,0.5,0.51,0.52,0.53,0.54,0.55,0.56,0.57,0.58,0.59,0.6,0.61,0.62,0.63,0.64,0.65,0.66,0.67,0.68,0.69,0.7,0.71,0.72,0.73,0.74,0.75,0.76,0.77,0.78,0.79,0.8,0.81,0.82,0.83,0.839999,0.849999,0.859999,0.869999,0.879999,0.889999,FLR,336.636902,481.026306,523.597595,542.316528,550.944702,555.178284,557.407349,558.61615,559.312805,559.66687,559.932251,560.055969,560.159302,560.227295,560.27948,560.312744,560.341736,560.348877,560.337769,560.311646,560.309875,560.246216,560.255859,560.208679,560.121765,560.062378,560.025574,559.963318,559.945435,559.883972,559.844971,559.944031,559.863586,560.001587,559.907532,560.055603,559.969055,560.059875,559.991211,560.052734,560.181885,560.059875,560.16217,560.097473,560.193665,560.227661,560.181152,560.234436,560.240479,560.176514,560.26947,560.300232,560.264465,560.322388,560.33313,560.38678,560.336731,560.377808,560.478333,560.485107,557.722473,557.778931,557.680969,557.594055,557.475342,557.359436,557.271851,557.185669,557.120178,556.999329,556.926392,556.793335,556.640625,556.528687,556.355957,556.212158,556.060913,555.914612,555.76947,555.603149,555.496582,555.296631,555.147156,555.008423,554.792419,554.573914,554.33606,554.094666,553.891541,553.661926,PAR,6987.300293,6987.300293,6987.300293,6987.300293,6987.300293,6987.300293,6987.300293,6987.300293,6987.300293,6987.300293,6987.300293,6987.300293,6987.300293,6987.300293,6987.300293,6987.300293,6987.300293,6987.300293,6987.300293,6987.300293,6987.300293,6987.300293,6987.300293,6987.300293,6987.300293,6987.300293,6987.300293,6987.300293,6987.300293,6987.300293,6929.077148,6870.854004,6812.630859,6754.407715,6696.18457,6637.961914,6579.73877,6521.515625,6463.29248,6405.069336,6346.84668,6288.623535,6230.400391,6172.177246,6113.954102,6055.730957,5997.508301,5939.285156,5881.062012,5822.838867,5764.615723,5706.393066,5648.169922,5589.946777,5531.723633,5473.500488,5415.277344,5357.054688,5298.831543,5240.608398,6987.300293,6987.300293,6987.300293,6987.300293,6987.300293,6987.300293,6987.300293,6987.300293,6987.300293,6987.300293,6987.300293,6987.300293,6987.300293,6987.300293,6987.300293,6987.300293,6987.300293,6987.300293,6987.300293,6987.300293,6987.300293,6987.300293,6987.300293,6987.300293,6987.300293,6987.300293,6987.300293,6987.300293,6987.300293,6987.300293,PHASE,1,1,1,1,1,1,1,1,1,1,1,1,1,1,1,1,1,1,1,1,1,1,1,1,1,1,1,1,1,1,2,2,2,2,2,2,2,2,2,2,2,2,2,2,2,2,2,2,2,2,2,2,2,2,2,2,2,2,2,2,3,3,3,3,3,3,3,3,3,3,3,3,3,3,3,3,3,3,3,3,3,3,3,3,3,3,3,3,3,3,FLASH_END
5,6:08:27,7/1/2026,Auto gsw+F,LI-COR Default,,005,,,-0.028009,2.79089,-0.028293,-0.247891,2.248722,2.255347,2.99926,0.750538,25.545706,25.470667,33.971802,0.441786,7.5,PSF-00548_20260701070827_967,0,0,0,117.245796,543.008545,0.784081,0.5,0.8,0.680212,1,72.73,72.95,24.53,24.02,24.02,88.29,142.2,141.7,0.4,2,4.091,7:06:46,7/1/2026,0.48,1,0.001,0.003,-9999,1.403,2.66,-9999,1,150,0.005,2,0.058905,0,0.02923,0,0,-0.000068,standard,0,mpf,7000,500,5,2,300,300,300,543.008545,25,0.327259,540.047058,543.476929,-3.429871,2.499228,2.481741,1.540873,0.895239,0.277886,-0.005066,0.228458,0.10912,117.245796,0.000224,2.389264,-0.000064,1,2.373994,-0.00005,1,0.600671,0.600225,0.107215,0,PSF-00548_20260701070827_967,PFA-00618,PSA-00618,PSF-00548,RHS-0688,3.0.0,2022-04-21T19:36:20.491Z,MEASUREMENT_END,,,,,,,,,,,,,,,,,,,,,,,,,,,,,,,,,,,,,,,,,,,,,,,,,,,,,,,,,,,,,,,,,,,,,,,,,,,,,,,,,,,,,,,,,,,,,,,,,,,,,,,,,,,,,,,,,,,,,,,,,,,,,,,,,,,,,,,,,,,,,,,,,,,,,,,,,,,,,,,,,,,,,,,,,,,,,,,,,,,,,,,,,,,,,,,,,,,,,,,,,,,,,,,,,,,,,,,,,,,,,,,,,,,,,,,,,,,,,,,,,,,,,,,,,,,,,,,,,,,,,,,,,,,,,,
PSF-00548_20260701070827_967,6:08:27,7/1/2026,PFA-00618,PSA-00618,PSF-00548,0,0,0,543.008545,117.245796,0.784081,8.847178,TIME,0,0.01,0.02,0.03,0.04,0.05,0.06,0.07,0.08,0.09,0.1,0.11,0.12,0.13,0.14,0.15,0.16,0.17,0.18,0.19,0.2,0.21,0.22,0.23,0.24,0.25,0.26,0.27,0.28,0.29,0.3,0.31,0.32,0.33,0.34,0.35,0.36,0.37,0.38,0.39,0.4,0.41,0.42,0.43,0.44,0.45,0.46,0.47,0.48,0.49,0.5,0.51,0.52,0.53,0.54,0.55,0.56,0.57,0.58,0.59,0.6,0.61,0.62,0.63,0.64,0.65,0.66,0.67,0.68,0.69,0.7,0.71,0.72,0.73,0.74,0.75,0.76,0.77,0.78,0.79,0.8,0.81,0.82,0.83,0.839999,0.849999,0.859999,0.869999,0.879999,0.889999,FLR,303.353912,452.989349,501.859192,523.498169,532.937378,537.38739,539.622925,540.842041,541.608093,542.043701,542.383057,542.546143,542.698853,542.835449,542.865845,542.925964,542.969604,542.974609,542.983521,542.982117,543.008545,542.95636,542.921326,542.900574,542.857666,542.796875,542.732117,542.685242,542.642334,542.562256,542.540771,542.620178,542.521851,542.620544,542.538269,542.647034,542.581177,542.662048,542.580872,542.643433,542.772522,542.652039,542.730347,542.687744,542.749268,542.774292,542.672058,542.717468,542.758606,542.624146,542.702454,542.722107,542.602295,542.694214,542.699951,542.761108,542.688843,542.713135,542.737854,542.732117,540.019897,540.047058,539.944397,539.834961,539.672607,539.529175,539.381836,539.19342,539.026733,538.833252,538.715271,538.586853,538.472412,538.334351,538.170593,538.03363,537.865173,537.708496,537.573669,537.403076,537.295471,537.078369,536.918884,536.742554,536.545166,536.358459,536.176086,535.995483,535.797363,535.605652,PAR,6987.300293,6987.300293,6987.300293,6987.300293,6987.300293,6987.300293,6987.300293,6987.300293,6987.300293,6987.300293,6987.300293,6987.300293,6987.300293,6987.300293,6987.300293,6987.300293,6987.300293,6987.300293,6987.300293,6987.300293,6987.300293,6987.300293,6987.300293,6987.300293,6987.300293,6987.300293,6987.300293,6987.300293,6987.300293,6987.300293,6929.077148,6870.854004,6812.630859,6754.407715,6696.18457,6637.961914,6579.73877,6521.515625,6463.29248,6405.069336,6346.84668,6288.623535,6230.400391,6172.177246,6113.954102,6055.730957,5997.508301,5939.285156,5881.062012,5822.838867,5764.615723,5706.393066,5648.169922,5589.946777,5531.723633,5473.500488,5415.277344,5357.054688,5298.831543,5240.608398,6987.300293,6987.300293,6987.300293,6987.300293,6987.300293,6987.300293,6987.300293,6987.300293,6987.300293,6987.300293,6987.300293,6987.300293,6987.300293,6987.300293,6987.300293,6987.300293,6987.300293,6987.300293,6987.300293,6987.300293,6987.300293,6987.300293,6987.300293,6987.300293,6987.300293,6987.300293,6987.300293,6987.300293,6987.300293,6987.300293,PHASE,1,1,1,1,1,1,1,1,1,1,1,1,1,1,1,1,1,1,1,1,1,1,1,1,1,1,1,1,1,1,2,2,2,2,2,2,2,2,2,2,2,2,2,2,2,2,2,2,2,2,2,2,2,2,2,2,2,2,2,2,3,3,3,3,3,3,3,3,3,3,3,3,3,3,3,3,3,3,3,3,3,3,3,3,3,3,3,3,3,3,FLASH_END
6,6:08:46,7/1/2026,Auto gsw+F,LI-COR Default,,006,,,0.000743,2.800916,0.000743,0.006717,2.243351,2.243173,3.018049,0.774698,25.408022,25.410042,34.18491,0.441786,7.5,PSF-00548_20260701070846_a3b,0,0,0,163.237808,572.46637,0.714852,0.5,0.8,0.547264,1,72.42,72.41,24.56,24.13,24.13,88.29,143.2,142.8,0.3,2,4.091,7:06:46,7/1/2026,0.48,1,-0.002,0.002,0.013,2.215,4.543,9.693,1,150,0.005,2,0.058905,0,0.02923,0,0,-0.000068,standard,0,mpf,7000,500,5,2,300,300,300,572.46637,25,2.985327,570.660339,576.738892,-6.078552,2.498506,2.481315,1.549049,0.898045,0.277518,-0.004289,0.230603,0.108896,163.237808,0.000221,2.389264,-0.000064,1,2.373994,-0.00005,1,0.600671,0.600225,0.107215,0,PSF-00548_20260701070846_a3b,PFA-00618,PSA-00618,PSF-00548,RHS-0688,3.0.0,2022-04-21T19:36:20.491Z,MEASUREMENT_END,,,,,,,,,,,,,,,,,,,,,,,,,,,,,,,,,,,,,,,,,,,,,,,,,,,,,,,,,,,,,,,,,,,,,,,,,,,,,,,,,,,,,,,,,,,,,,,,,,,,,,,,,,,,,,,,,,,,,,,,,,,,,,,,,,,,,,,,,,,,,,,,,,,,,,,,,,,,,,,,,,,,,,,,,,,,,,,,,,,,,,,,,,,,,,,,,,,,,,,,,,,,,,,,,,,,,,,,,,,,,,,,,,,,,,,,,,,,,,,,,,,,,,,,,,,,,,,,,,,,,,,,,,,,,,
PSF-00548_20260701070846_a3b,6:08:46,7/1/2026,PFA-00618,PSA-00618,PSF-00548,0,0,0,572.46637,163.237808,0.714852,8.592268,TIME,0,0.01,0.02,0.03,0.04,0.05,0.06,0.07,0.08,0.09,0.1,0.11,0.12,0.13,0.14,0.15,0.16,0.17,0.18,0.19,0.2,0.21,0.22,0.23,0.24,0.25,0.26,0.27,0.28,0.29,0.3,0.31,0.32,0.33,0.34,0.35,0.36,0.37,0.38,0.39,0.4,0.41,0.42,0.43,0.44,0.45,0.46,0.47,0.48,0.49,0.5,0.51,0.52,0.53,0.54,0.55,0.56,0.57,0.58,0.59,0.6,0.61,0.62,0.63,0.64,0.65,0.66,0.67,0.68,0.69,0.7,0.71,0.72,0.73,0.74,0.75,0.76,0.77,0.78,0.79,0.8,0.81,0.82,0.83,0.839999,0.849999,0.859999,0.869999,0.879999,0.889999,FLR,365.929474,493.670227,530.853882,549.131897,558.993103,564.487366,567.71637,569.623596,570.803406,571.487915,571.940674,572.127319,572.285034,572.401978,572.410583,572.460266,572.435608,572.45636,572.46637,572.44635,572.448486,572.361938,572.332642,572.297546,572.279663,572.217102,572.199219,572.145935,572.095886,572.055786,572.029724,572.153076,572.095886,572.252502,572.169922,572.303284,572.253967,572.361206,572.336548,572.448853,572.572937,572.474976,572.587952,572.537537,572.639832,572.771057,572.690979,572.802185,572.916992,572.841187,572.985657,573.008179,572.987061,573.099731,573.175171,573.281433,573.231323,573.317505,573.398376,573.453064,570.593811,570.660339,570.62207,570.578125,570.463318,570.371399,570.266602,570.150391,570.052368,569.927246,569.854248,569.727661,569.620728,569.542419,569.441223,569.313904,569.216614,569.104309,569.034546,568.931213,568.90155,568.776733,568.689087,568.60614,568.516724,568.40802,568.308228,568.223145,568.145142,568.030334,PAR,6987.300293,6987.300293,6987.300293,6987.300293,6987.300293,6987.300293,6987.300293,6987.300293,6987.300293,6987.300293,6987.300293,6987.300293,6987.300293,6987.300293,6987.300293,6987.300293,6987.300293,6987.300293,6987.300293,6987.300293,6987.300293,6987.300293,6987.300293,6987.300293,6987.300293,6987.300293,6987.300293,6987.300293,6987.300293,6987.300293,6929.077148,6870.854004,6812.630859,6754.407715,6696.18457,6637.961914,6579.73877,6521.515625,6463.29248,6405.069336,6346.84668,6288.623535,6230.400391,6172.177246,6113.954102,6055.730957,5997.508301,5939.285156,5881.062012,5822.838867,5764.615723,5706.393066,5648.169922,5589.946777,5531.723633,5473.500488,5415.277344,5357.054688,5298.831543,5240.608398,6987.300293,6987.300293,6987.300293,6987.300293,6987.300293,6987.300293,6987.300293,6987.300293,6987.300293,6987.300293,6987.300293,6987.300293,6987.300293,6987.300293,6987.300293,6987.300293,6987.300293,6987.300293,6987.300293,6987.300293,6987.300293,6987.300293,6987.300293,6987.300293,6987.300293,6987.300293,6987.300293,6987.300293,6987.300293,6987.300293,PHASE,1,1,1,1,1,1,1,1,1,1,1,1,1,1,1,1,1,1,1,1,1,1,1,1,1,1,1,1,1,1,2,2,2,2,2,2,2,2,2,2,2,2,2,2,2,2,2,2,2,2,2,2,2,2,2,2,2,2,2,2,3,3,3,3,3,3,3,3,3,3,3,3,3,3,3,3,3,3,3,3,3,3,3,3,3,3,3,3,3,3,FLASH_END
7,6:12:15,7/1/2026,Auto gsw+F,LI-COR Default,,007,,,-0.038582,2.918925,-0.039099,-0.378232,2.362167,2.371347,3.189102,0.826935,26.868351,26.764343,36.133858,0.441786,7.5,PSF-00548_20260701071215_21c,0,0,0,122.12706,529.357178,0.769292,0.5,0.8,1.187391,1,73.57,73.86,25.16,25.05,25.05,88.26,156.4,155.2,0.7,4,4.084,7:10:11,7/1/2026,0.46,1,0.004,-0.003,0.015,1.614,3.335,6.639,1,150,0.005,2,0.058905,0,0.02923,0,0,-0.000068,standard,0,mpf,7000,500,5,2,300,300,300,529.357178,25,-0.283624,525.965454,528.951294,-2.98584,2.500223,2.482681,1.65705,0.928401,0.270959,-0.000764,0.253795,0.110604,122.12706,0.000221,2.389264,-0.000064,1,2.373994,-0.00005,1,0.600671,0.600225,0.107215,0,PSF-00548_20260701071215_21c,PFA-00618,PSA-00618,PSF-00548,RHS-0688,3.0.0,2022-04-21T19:36:20.491Z,MEASUREMENT_END,,,,,,,,,,,,,,,,,,,,,,,,,,,,,,,,,,,,,,,,,,,,,,,,,,,,,,,,,,,,,,,,,,,,,,,,,,,,,,,,,,,,,,,,,,,,,,,,,,,,,,,,,,,,,,,,,,,,,,,,,,,,,,,,,,,,,,,,,,,,,,,,,,,,,,,,,,,,,,,,,,,,,,,,,,,,,,,,,,,,,,,,,,,,,,,,,,,,,,,,,,,,,,,,,,,,,,,,,,,,,,,,,,,,,,,,,,,,,,,,,,,,,,,,,,,,,,,,,,,,,,,,,,,,,,
PSF-00548_20260701071215_21c,6:12:15,7/1/2026,PFA-00618,PSA-00618,PSF-00548,0,0,0,529.357178,122.12706,0.769292,10.537074,TIME,0,0.01,0.02,0.03,0.04,0.05,0.06,0.07,0.08,0.09,0.1,0.11,0.12,0.13,0.14,0.15,0.16,0.17,0.18,0.19,0.2,0.21,0.22,0.23,0.24,0.25,0.26,0.27,0.28,0.29,0.3,0.31,0.32,0.33,0.34,0.35,0.36,0.37,0.38,0.39,0.4,0.41,0.42,0.43,0.44,0.45,0.46,0.47,0.48,0.49,0.5,0.51,0.52,0.53,0.54,0.55,0.56,0.57,0.58,0.59,0.6,0.61,0.62,0.63,0.64,0.65,0.66,0.67,0.68,0.69,0.7,0.71,0.72,0.73,0.74,0.75,0.76,0.77,0.78,0.79,0.8,0.81,0.82,0.83,0.839999,0.849999,0.859999,0.869999,0.879999,0.889999,FLR,311.108002,459.326874,502.670654,518.244263,524.067505,526.562683,527.754639,528.36731,528.716309,528.895142,529.061462,529.12262,529.200562,529.270996,529.297852,529.344666,529.355774,529.355042,529.357178,529.317139,529.312134,529.243103,529.184082,529.156555,529.082153,529.026001,528.954163,528.882996,528.820068,528.712769,528.682373,528.738159,528.651245,528.742798,528.629089,528.708435,528.620483,528.673035,528.586853,528.639465,528.731018,528.589722,528.651245,528.559326,528.585083,528.679138,528.56897,528.589722,528.665161,528.555725,528.604736,528.565063,528.501404,528.551086,528.558228,528.581848,528.521057,528.578308,528.620483,528.637634,525.948669,525.965454,525.864929,525.770203,525.646118,525.51593,525.431885,525.305603,525.225525,525.102112,525.022034,524.893982,524.791016,524.689087,524.587158,524.480225,524.343262,524.234863,524.150146,524.034973,523.937012,523.765686,523.63446,523.537903,523.398071,523.269653,523.088684,522.942078,522.795776,522.590881,PAR,6987.300293,6987.300293,6987.300293,6987.300293,6987.300293,6987.300293,6987.300293,6987.300293,6987.300293,6987.300293,6987.300293,6987.300293,6987.300293,6987.300293,6987.300293,6987.300293,6987.300293,6987.300293,6987.300293,6987.300293,6987.300293,6987.300293,6987.300293,6987.300293,6987.300293,6987.300293,6987.300293,6987.300293,6987.300293,6987.300293,6929.077148,6870.854004,6812.630859,6754.407715,6696.18457,6637.961914,6579.73877,6521.515625,6463.29248,6405.069336,6346.84668,6288.623535,6230.400391,6172.177246,6113.954102,6055.730957,5997.508301,5939.285156,5881.062012,5822.838867,5764.615723,5706.393066,5648.169922,5589.946777,5531.723633,5473.500488,5415.277344,5357.054688,5298.831543,5240.608398,6987.300293,6987.300293,6987.300293,6987.300293,6987.300293,6987.300293,6987.300293,6987.300293,6987.300293,6987.300293,6987.300293,6987.300293,6987.300293,6987.300293,6987.300293,6987.300293,6987.300293,6987.300293,6987.300293,6987.300293,6987.300293,6987.300293,6987.300293,6987.300293,6987.300293,6987.300293,6987.300293,6987.300293,6987.300293,6987.300293,PHASE,1,1,1,1,1,1,1,1,1,1,1,1,1,1,1,1,1,1,1,1,1,1,1,1,1,1,1,1,1,1,2,2,2,2,2,2,2,2,2,2,2,2,2,2,2,2,2,2,2,2,2,2,2,2,2,2,2,2,2,2,3,3,3,3,3,3,3,3,3,3,3,3,3,3,3,3,3,3,3,3,3,3,3,3,3,3,3,3,3,3,FLASH_END
8,6:12:30,7/1/2026,Auto gsw+F,LI-COR Default,,008,,,-0.02847,2.919391,-0.028751,-0.274251,2.373421,2.380074,3.188782,0.815361,26.967306,26.891928,36.130333,0.441786,7.5,PSF-00548_20260701071230_10b,0,0,0,110.869286,504.870056,0.7804,0.5,0.8,1.192207,1,73.7,73.91,25.21,25.05,25.05,88.26,156.4,155.3,0.7,4,4.083,7:10:11,7/1/2026,0.46,1,0,0.003,-0.012,1.232,2.278,3.831,1,150,0.005,2,0.058905,0,0.02923,0,0,-0.000068,standard,0,mpf,7000,500,5,2,300,300,300,504.870056,25,1.109044,502.677429,506.457275,-3.779846,2.500276,2.482838,1.65753,0.928627,0.270421,-0.001339,0.255222,0.110569,110.869286,0.000224,2.389264,-0.000064,1,2.373994,-0.00005,1,0.600671,0.600225,0.107215,0,PSF-00548_20260701071230_10b,PFA-00618,PSA-00618,PSF-00548,RHS-0688,3.0.0,2022-04-21T19:36:20.491Z,MEASUREMENT_END,,,,,,,,,,,,,,,,,,,,,,,,,,,,,,,,,,,,,,,,,,,,,,,,,,,,,,,,,,,,,,,,,,,,,,,,,,,,,,,,,,,,,,,,,,,,,,,,,,,,,,,,,,,,,,,,,,,,,,,,,,,,,,,,,,,,,,,,,,,,,,,,,,,,,,,,,,,,,,,,,,,,,,,,,,,,,,,,,,,,,,,,,,,,,,,,,,,,,,,,,,,,,,,,,,,,,,,,,,,,,,,,,,,,,,,,,,,,,,,,,,,,,,,,,,,,,,,,,,,,,,,,,,,,,,
PSF-00548_20260701071230_10b,6:12:30,7/1/2026,PFA-00618,PSA-00618,PSF-00548,0,0,0,504.870056,110.869286,0.7804,10.497575,TIME,0,0.01,0.02,0.03,0.04,0.05,0.06,0.07,0.08,0.09,0.1,0.11,0.12,0.13,0.14,0.15,0.16,0.17,0.18,0.19,0.2,0.21,0.22,0.23,0.24,0.25,0.26,0.27,0.28,0.29,0.3,0.31,0.32,0.33,0.34,0.35,0.36,0.37,0.38,0.39,0.4,0.41,0.42,0.43,0.44,0.45,0.46,0.47,0.48,0.49,0.5,0.51,0.52,0.53,0.54,0.55,0.56,0.57,0.58,0.59,0.6,0.61,0.62,0.63,0.64,0.65,0.66,0.67,0.68,0.69,0.7,0.71,0.72,0.73,0.74,0.75,0.76,0.77,0.78,0.79,0.8,0.81,0.82,0.83,0.839999,0.849999,0.859999,0.869999,0.879999,0.889999,FLR,278.593903,416.500916,465.773102,488.561859,497.712128,501.45578,503.084778,503.822937,504.215607,504.379395,504.54248,504.608978,504.701965,504.762756,504.793884,504.822479,504.860413,504.852539,504.868988,504.836792,504.870056,504.815704,504.787445,504.773865,504.722717,504.678375,504.637238,504.577881,504.533875,504.472015,504.441986,504.51886,504.455933,504.598267,504.553558,504.691956,504.615082,504.726654,504.657257,504.734528,504.809265,504.690186,504.756683,504.697327,504.733429,504.783875,504.751678,504.815338,504.920471,504.881866,504.97879,504.949097,504.861816,504.928345,504.925842,504.977692,504.907959,504.956238,505.029907,505.038147,502.660278,502.677429,502.583038,502.422089,502.228973,502.074127,501.903534,501.77301,501.648895,501.478302,501.385681,501.196136,501.064911,500.937927,500.792023,500.656128,500.461578,500.266327,500.088562,499.915833,499.788513,499.598969,499.444489,499.315033,499.110809,498.945953,498.814331,498.675598,498.546478,498.427734,PAR,6987.300293,6987.300293,6987.300293,6987.300293,6987.300293,6987.300293,6987.300293,6987.300293,6987.300293,6987.300293,6987.300293,6987.300293,6987.300293,6987.300293,6987.300293,6987.300293,6987.300293,6987.300293,6987.300293,6987.300293,6987.300293,6987.300293,6987.300293,6987.300293,6987.300293,6987.300293,6987.300293,6987.300293,6987.300293,6987.300293,6929.077148,6870.854004,6812.630859,6754.407715,6696.18457,6637.961914,6579.73877,6521.515625,6463.29248,6405.069336,6346.84668,6288.623535,6230.400391,6172.177246,6113.954102,6055.730957,5997.508301,5939.285156,5881.062012,5822.838867,5764.615723,5706.393066,5648.169922,5589.946777,5531.723633,5473.500488,5415.277344,5357.054688,5298.831543,5240.608398,6987.300293,6987.300293,6987.300293,6987.300293,6987.300293,6987.300293,6987.300293,6987.300293,6987.300293,6987.300293,6987.300293,6987.300293,6987.300293,6987.300293,6987.300293,6987.300293,6987.300293,6987.300293,6987.300293,6987.300293,6987.300293,6987.300293,6987.300293,6987.300293,6987.300293,6987.300293,6987.300293,6987.300293,6987.300293,6987.300293,PHASE,1,1,1,1,1,1,1,1,1,1,1,1,1,1,1,1,1,1,1,1,1,1,1,1,1,1,1,1,1,1,2,2,2,2,2,2,2,2,2,2,2,2,2,2,2,2,2,2,2,2,2,2,2,2,2,2,2,2,2,2,3,3,3,3,3,3,3,3,3,3,3,3,3,3,3,3,3,3,3,3,3,3,3,3,3,3,3,3,3,3,FLASH_END
9,6:12:40,7/1/2026,Auto gsw+F,LI-COR Default,,009,,,-0.019731,2.920728,-0.019865,-0.188195,2.399447,2.404006,3.20904,0.809592,27.237703,27.186049,36.358837,0.441786,7.5,PSF-00548_20260701071240_b62,0,0,0,122.096657,527.963135,0.76874,0.5,0.8,1.311002,1,74.35,74.49,25.25,25.15,25.15,88.26,156.6,155.3,0.8,4,4.083,7:10:11,7/1/2026,0.46,1,0.002,0,-9999,1.595,3.237,-9999,1,150,0.005,2,0.058905,0,0.02923,0,0,-0.000068,standard,0,mpf,7000,500,5,2,300,300,300,527.963135,25,1.981734,524.852844,530.799316,-5.946472,2.501032,2.483675,1.65891,0.928526,0.270029,-0.000564,0.256165,0.110959,122.096657,0.000225,2.389264,-0.000064,1,2.373994,-0.00005,1,0.600671,0.600225,0.107215,0,PSF-00548_20260701071240_b62,PFA-00618,PSA-00618,PSF-00548,RHS-0688,3.0.0,2022-04-21T19:36:20.491Z,MEASUREMENT_END,,,,,,,,,,,,,,,,,,,,,,,,,,,,,,,,,,,,,,,,,,,,,,,,,,,,,,,,,,,,,,,,,,,,,,,,,,,,,,,,,,,,,,,,,,,,,,,,,,,,,,,,,,,,,,,,,,,,,,,,,,,,,,,,,,,,,,,,,,,,,,,,,,,,,,,,,,,,,,,,,,,,,,,,,,,,,,,,,,,,,,,,,,,,,,,,,,,,,,,,,,,,,,,,,,,,,,,,,,,,,,,,,,,,,,,,,,,,,,,,,,,,,,,,,,,,,,,,,,,,,,,,,,,,,,
PSF-00548_20260701071240_b62,6:12:40,7/1/2026,PFA-00618,PSA-00618,PSF-00548,0,0,0,527.963135,122.096657,0.76874,10.941834,TIME,0,0.01,0.02,0.03,0.04,0.05,0.06,0.07,0.08,0.09,0.1,0.11,0.12,0.13,0.14,0.15,0.16,0.17,0.18,0.19,0.2,0.21,0.22,0.23,0.24,0.25,0.26,0.27,0.28,0.29,0.3,0.31,0.32,0.33,0.34,0.35,0.36,0.37,0.38,0.39,0.4,0.41,0.42,0.43,0.44,0.45,0.46,0.47,0.48,0.49,0.5,0.51,0.52,0.53,0.54,0.55,0.56,0.57,0.58,0.59,0.6,0.61,0.62,0.63,0.64,0.65,0.66,0.67,0.68,0.69,0.7,0.71,0.72,0.73,0.74,0.75,0.76,0.77,0.78,0.79,0.8,0.81,0.82,0.83,0.839999,0.849999,0.859999,0.869999,0.879999,0.889999,FLR,321.935181,467.225433,505.034576,518.306152,523.367615,525.555969,526.599182,527.155273,527.469604,527.636658,527.806885,527.837646,527.905579,527.940613,527.94812,527.963135,527.939941,527.924561,527.884155,527.83728,527.805786,527.728577,527.648071,527.610168,527.517578,527.453918,527.372375,527.302979,527.240051,527.151001,527.103088,527.216431,527.114868,527.294067,527.182434,527.329102,527.236084,527.34375,527.269714,527.353394,527.485352,527.388794,527.499695,527.435303,527.510071,527.603027,527.507874,527.621643,527.709595,527.603394,527.746826,527.80365,527.663818,527.79541,527.836182,527.909546,527.884827,527.968506,528.060425,528.09906,524.820312,524.852844,524.768799,524.672241,524.552124,524.440552,524.357178,524.266357,524.200195,524.092224,524.061462,523.920166,523.838623,523.77533,523.664124,523.578613,523.496399,523.422363,523.34082,523.248901,523.216003,523.10083,522.999634,522.940613,522.85553,522.784363,522.705322,522.622375,522.556213,522.480347,PAR,6987.300293,6987.300293,6987.300293,6987.300293,6987.300293,6987.300293,6987.300293,6987.300293,6987.300293,6987.300293,6987.300293,6987.300293,6987.300293,6987.300293,6987.300293,6987.300293,6987.300293,6987.300293,6987.300293,6987.300293,6987.300293,6987.300293,6987.300293,6987.300293,6987.300293,6987.300293,6987.300293,6987.300293,6987.300293,6987.300293,6929.077148,6870.854004,6812.630859,6754.407715,6696.18457,6637.961914,6579.73877,6521.515625,6463.29248,6405.069336,6346.84668,6288.623535,6230.400391,6172.177246,6113.954102,6055.730957,5997.508301,5939.285156,5881.062012,5822.838867,5764.615723,5706.393066,5648.169922,5589.946777,5531.723633,5473.500488,5415.277344,5357.054688,5298.831543,5240.608398,6987.300293,6987.300293,6987.300293,6987.300293,6987.300293,6987.300293,6987.300293,6987.300293,6987.300293,6987.300293,6987.300293,6987.300293,6987.300293,6987.300293,6987.300293,6987.300293,6987.300293,6987.300293,6987.300293,6987.300293,6987.300293,6987.300293,6987.300293,6987.300293,6987.300293,6987.300293,6987.300293,6987.300293,6987.300293,6987.300293,PHASE,1,1,1,1,1,1,1,1,1,1,1,1,1,1,1,1,1,1,1,1,1,1,1,1,1,1,1,1,1,1,2,2,2,2,2,2,2,2,2,2,2,2,2,2,2,2,2,2,2,2,2,2,2,2,2,2,2,2,2,2,3,3,3,3,3,3,3,3,3,3,3,3,3,3,3,3,3,3,3,3,3,3,3,3,3,3,3,3,3,3,FLASH_END
10,6:13:10,7/1/2026,Auto gsw+F,LI-COR Default,,010,,,-0.009124,2.919565,-0.009153,-0.089225,2.341068,2.343232,3.174375,0.833307,26.555592,26.531063,35.974838,0.441786,7.5,PSF-00548_20260701071310_1e8,0,0,0,132.026917,571.456238,0.768964,0.5,0.8,1.132151,1,72.08,72.15,25.36,24.97,24.97,88.24,156.4,155.3,0.7,4,4.083,7:10:11,7/1/2026,0.46,1,0.004,0.001,0.014,0.865,1.889,4.331,1,150,0.005,2,0.058905,0,0.02923,0,0,-0.000068,standard,0,mpf,7000,500,5,2,300,300,300,566.896667,25,-3.621664,561.706787,566.27301,-4.566223,2.4979,2.480675,1.65771,0.928596,0.268884,-0.003782,0.259312,0.110448,132.026917,0.000224,2.389264,-0.000064,1,2.373994,-0.00005,1,0.600671,0.600225,0.107215,0,PSF-00548_20260701071310_1e8,PFA-00618,PSA-00618,PSF-00548,RHS-0688,3.0.0,2022-04-21T19:36:20.491Z,MEASUREMENT_END,,,,,,,,,,,,,,,,,,,,,,,,,,,,,,,,,,,,,,,,,,,,,,,,,,,,,,,,,,,,,,,,,,,,,,,,,,,,,,,,,,,,,,,,,,,,,,,,,,,,,,,,,,,,,,,,,,,,,,,,,,,,,,,,,,,,,,,,,,,,,,,,,,,,,,,,,,,,,,,,,,,,,,,,,,,,,,,,,,,,,,,,,,,,,,,,,,,,,,,,,,,,,,,,,,,,,,,,,,,,,,,,,,,,,,,,,,,,,,,,,,,,,,,,,,,,,,,,,,,,,,,,,,,,,,
PSF-00548_20260701071310_1e8,6:13:10,7/1/2026,PFA-00618,PSA-00618,PSF-00548,0,0,0,571.456238,132.026917,0.768964,10.359125,TIME,0,0.01,0.02,0.03,0.04,0.05,0.06,0.07,0.08,0.09,0.1,0.11,0.12,0.13,0.14,0.15,0.16,0.17,0.18,0.19,0.2,0.21,0.22,0.23,0.24,0.25,0.26,0.27,0.28,0.29,0.3,0.31,0.32,0.33,0.34,0.35,0.36,0.37,0.38,0.39,0.4,0.41,0.42,0.43,0.44,0.45,0.46,0.47,0.48,0.49,0.5,0.51,0.52,0.53,0.54,0.55,0.56,0.57,0.58,0.59,0.6,0.61,0.62,0.63,0.64,0.65,0.66,0.67,0.68,0.69,0.7,0.71,0.72,0.73,0.74,0.75,0.76,0.77,0.78,0.79,0.8,0.81,0.82,0.83,0.839999,0.849999,0.859999,0.869999,0.879999,0.889999,FLR,344.243652,499.709839,539.118286,553.277161,559.232727,562.217102,563.897278,564.942627,565.642822,566.060913,566.424255,566.5755,566.74646,566.828369,566.859131,566.896667,566.896667,566.864868,566.869507,566.839111,566.845886,566.783325,566.757202,566.691772,566.633118,566.535828,566.439636,566.372009,566.298035,566.182861,566.118469,566.159973,566.033386,566.101318,565.989746,566.085571,565.951843,565.949707,565.820923,565.777283,565.822021,565.611694,565.641052,565.527344,565.559509,565.545532,565.413574,565.457214,565.459717,565.292358,565.302368,565.186157,565.044495,564.986206,564.914001,564.869263,564.692993,564.601807,564.551697,564.419373,561.706787,561.662415,561.506531,561.298706,561.069153,560.868835,560.681091,560.505127,560.404297,560.224426,560.085327,559.856445,559.648621,559.441223,559.194458,558.991333,558.82074,558.623657,558.470276,558.273193,558.16803,557.942017,557.763916,557.51178,557.235352,556.94928,556.674622,556.424622,556.256531,556.056274,PAR,6987.300293,6987.300293,6987.300293,6987.300293,6987.300293,6987.300293,6987.300293,6987.300293,6987.300293,6987.300293,6987.300293,6987.300293,6987.300293,6987.300293,6987.300293,6987.300293,6987.300293,6987.300293,6987.300293,6987.300293,6987.300293,6987.300293,6987.300293,6987.300293,6987.300293,6987.300293,6987.300293,6987.300293,6987.300293,6987.300293,6929.077148,6870.854004,6812.630859,6754.407715,6696.18457,6637.961914,6579.73877,6521.515625,6463.29248,6405.069336,6346.84668,6288.623535,6230.400391,6172.177246,6113.954102,6055.730957,5997.508301,5939.285156,5881.062012,5822.838867,5764.615723,5706.393066,5648.169922,5589.946777,5531.723633,5473.500488,5415.277344,5357.054688,5298.831543,5240.608398,6987.300293,6987.300293,6987.300293,6987.300293,6987.300293,6987.300293,6987.300293,6987.300293,6987.300293,6987.300293,6987.300293,6987.300293,6987.300293,6987.300293,6987.300293,6987.300293,6987.300293,6987.300293,6987.300293,6987.300293,6987.300293,6987.300293,6987.300293,6987.300293,6987.300293,6987.300293,6987.300293,6987.300293,6987.300293,6987.300293,PHASE,1,1,1,1,1,1,1,1,1,1,1,1,1,1,1,1,1,1,1,1,1,1,1,1,1,1,1,1,1,1,2,2,2,2,2,2,2,2,2,2,2,2,2,2,2,2,2,2,2,2,2,2,2,2,2,2,2,2,2,2,3,3,3,3,3,3,3,3,3,3,3,3,3,3,3,3,3,3,3,3,3,3,3,3,3,3,3,3,3,3,FLASH_END
11,6:13:29,7/1/2026,Auto gsw+F,LI-COR Default,,011,,,-0.026539,2.918547,-0.026783,-0.245435,2.422793,2.428746,3.205624,0.782831,27.524708,27.457245,36.328979,0.441786,7.5,PSF-00548_20260701071329_84b,0,0,0,164.642212,568.502441,0.710393,0.5,0.8,0.874666,1,74.32,74.5,25.42,25.14,25.14,88.24,156.3,155.3,0.6,3,4.082,7:10:11,7/1/2026,0.46,1,-0.002,0.001,0.016,1.526,3.176,6.559,1,150,0.005,2,0.058905,0,0.02923,0,0,-0.000068,standard,0,mpf,7000,500,5,2,300,300,300,568.502441,25,-0.178174,564.018494,568.247437,-4.228943,2.500995,2.48359,1.656662,0.928625,0.268216,-0.002653,0.26114,0.109918,164.642212,0.000222,2.389264,-0.000064,1,2.373994,-0.00005,1,0.600671,0.600225,0.107215,0,PSF-00548_20260701071329_84b,PFA-00618,PSA-00618,PSF-00548,RHS-0688,3.0.0,2022-04-21T19:36:20.491Z,MEASUREMENT_END,,,,,,,,,,,,,,,,,,,,,,,,,,,,,,,,,,,,,,,,,,,,,,,,,,,,,,,,,,,,,,,,,,,,,,,,,,,,,,,,,,,,,,,,,,,,,,,,,,,,,,,,,,,,,,,,,,,,,,,,,,,,,,,,,,,,,,,,,,,,,,,,,,,,,,,,,,,,,,,,,,,,,,,,,,,,,,,,,,,,,,,,,,,,,,,,,,,,,,,,,,,,,,,,,,,,,,,,,,,,,,,,,,,,,,,,,,,,,,,,,,,,,,,,,,,,,,,,,,,,,,,,,,,,,,
PSF-00548_20260701071329_84b,6:13:29,7/1/2026,PFA-00618,PSA-00618,PSF-00548,0,0,0,568.502441,164.642212,0.710393,9.756464,TIME,0,0.01,0.02,0.03,0.04,0.05,0.06,0.07,0.08,0.09,0.1,0.11,0.12,0.13,0.14,0.15,0.16,0.17,0.18,0.19,0.2,0.21,0.22,0.23,0.24,0.25,0.26,0.27,0.28,0.29,0.3,0.31,0.32,0.33,0.34,0.35,0.36,0.37,0.38,0.39,0.4,0.41,0.42,0.43,0.44,0.45,0.46,0.47,0.48,0.49,0.5,0.51,0.52,0.53,0.54,0.55,0.56,0.57,0.58,0.59,0.6,0.61,0.62,0.63,0.64,0.65,0.66,0.67,0.68,0.69,0.7,0.71,0.72,0.73,0.74,0.75,0.76,0.77,0.78,0.79,0.8,0.81,0.82,0.83,0.839999,0.849999,0.859999,0.869999,0.879999,0.889999,FLR,397.737976,534.114746,555.251221,561.927429,564.779175,566.247925,567.077271,567.587585,567.940979,568.155518,568.348267,568.415161,568.468079,568.502441,568.483459,568.458435,568.427673,568.370483,568.313965,568.231689,568.203796,568.057922,567.937744,567.848328,567.754272,567.629456,567.549377,567.458862,567.336548,567.217834,567.159912,567.195984,567.087646,567.191711,567.06366,567.167786,567.055115,567.117004,567.002563,567.047607,567.154907,567.001465,567.097656,566.985352,567.001099,567.066528,566.972473,567.025757,567.101929,566.991455,567.070496,567.085144,566.996094,567.035461,567.062988,567.086914,566.998962,567.042969,567.091248,567.078369,564.018494,563.983459,563.852173,563.732727,563.566467,563.432007,563.27356,563.13446,563.003906,562.84906,562.718872,562.542908,562.375549,562.222473,562.045105,561.885925,561.710022,561.538696,561.408875,561.242249,561.129211,560.929321,560.784119,560.626404,560.461548,560.320984,560.169678,560.018799,559.872498,559.696533,PAR,6987.300293,6987.300293,6987.300293,6987.300293,6987.300293,6987.300293,6987.300293,6987.300293,6987.300293,6987.300293,6987.300293,6987.300293,6987.300293,6987.300293,6987.300293,6987.300293,6987.300293,6987.300293,6987.300293,6987.300293,6987.300293,6987.300293,6987.300293,6987.300293,6987.300293,6987.300293,6987.300293,6987.300293,6987.300293,6987.300293,6929.077148,6870.854004,6812.630859,6754.407715,6696.18457,6637.961914,6579.73877,6521.515625,6463.29248,6405.069336,6346.84668,6288.623535,6230.400391,6172.177246,6113.954102,6055.730957,5997.508301,5939.285156,5881.062012,5822.838867,5764.615723,5706.393066,5648.169922,5589.946777,5531.723633,5473.500488,5415.277344,5357.054688,5298.831543,5240.608398,6987.300293,6987.300293,6987.300293,6987.300293,6987.300293,6987.300293,6987.300293,6987.300293,6987.300293,6987.300293,6987.300293,6987.300293,6987.300293,6987.300293,6987.300293,6987.300293,6987.300293,6987.300293,6987.300293,6987.300293,6987.300293,6987.300293,6987.300293,6987.300293,6987.300293,6987.300293,6987.300293,6987.300293,6987.300293,6987.300293,PHASE,1,1,1,1,1,1,1,1,1,1,1,1,1,1,1,1,1,1,1,1,1,1,1,1,1,1,1,1,1,1,2,2,2,2,2,2,2,2,2,2,2,2,2,2,2,2,2,2,2,2,2,2,2,2,2,2,2,2,2,2,3,3,3,3,3,3,3,3,3,3,3,3,3,3,3,3,3,3,3,3,3,3,3,3,3,3,3,3,3,3,FLASH_END
12,6:13:48,7/1/2026,Auto gsw+F,LI-COR Default,,012,,,0.004075,2.920019,0.00407,0.040245,2.365511,2.364535,3.210546,0.845035,26.797398,26.808455,36.385273,0.441786,7.5,PSF-00548_20260701071348_afc,0,0,0,163.539291,594.892151,0.725094,0.5,0.8,0.519084,1,72.29,72.26,25.48,25.16,25.16,88.24,156.5,155.3,0.8,2,4.081,7:10:11,7/1/2026,0.46,1,-0.006,0.002,0.017,1.685,3.003,6.036,1,150,0.005,2,0.058905,0,0.02923,0,0,-0.000068,standard,0,mpf,7000,500,5,2,300,300,300,594.892151,25,0.10545,590.800171,595.043091,-4.24292,2.498013,2.480917,1.658178,0.928529,0.267545,-0.00307,0.262998,0.108787,163.539291,0.000224,2.389264,-0.000064,1,2.373994,-0.00005,1,0.600671,0.600225,0.107215,0,PSF-00548_20260701071348_afc,PFA-00618,PSA-00618,PSF-00548,RHS-0688,3.0.0,2022-04-21T19:36:20.491Z,MEASUREMENT_END,,,,,,,,,,,,,,,,,,,,,,,,,,,,,,,,,,,,,,,,,,,,,,,,,,,,,,,,,,,,,,,,,,,,,,,,,,,,,,,,,,,,,,,,,,,,,,,,,,,,,,,,,,,,,,,,,,,,,,,,,,,,,,,,,,,,,,,,,,,,,,,,,,,,,,,,,,,,,,,,,,,,,,,,,,,,,,,,,,,,,,,,,,,,,,,,,,,,,,,,,,,,,,,,,,,,,,,,,,,,,,,,,,,,,,,,,,,,,,,,,,,,,,,,,,,,,,,,,,,,,,,,,,,,,,
PSF-00548_20260701071348_afc,6:13:48,7/1/2026,PFA-00618,PSA-00618,PSF-00548,0,0,0,594.892151,163.539291,0.725094,8.468071,TIME,0,0.01,0.02,0.03,0.04,0.05,0.06,0.07,0.08,0.09,0.1,0.11,0.12,0.13,0.14,0.15,0.16,0.17,0.18,0.19,0.2,0.21,0.22,0.23,0.24,0.25,0.26,0.27,0.28,0.29,0.3,0.31,0.32,0.33,0.34,0.35,0.36,0.37,0.38,0.39,0.4,0.41,0.42,0.43,0.44,0.45,0.46,0.47,0.48,0.49,0.5,0.51,0.52,0.53,0.54,0.55,0.56,0.57,0.58,0.59,0.6,0.61,0.62,0.63,0.64,0.65,0.66,0.67,0.68,0.69,0.7,0.71,0.72,0.73,0.74,0.75,0.76,0.77,0.78,0.79,0.8,0.81,0.82,0.83,0.839999,0.849999,0.859999,0.869999,0.879999,0.889999,FLR,406.056763,551.405334,575.672852,584.11322,588.127258,590.315552,591.674194,592.626587,593.345032,593.819641,594.237305,594.468384,594.648987,594.762329,594.844238,594.857117,594.892151,594.868896,594.873169,594.793091,594.790955,594.686523,594.613892,594.533081,594.423279,594.342102,594.220886,594.121826,594.031311,593.917236,593.866089,593.925476,593.765625,593.908325,593.781006,593.904358,593.817444,593.887939,593.803894,593.857544,593.954468,593.82428,593.904724,593.821045,593.833923,593.919067,593.831421,593.888306,593.943359,593.812805,593.916199,593.929382,593.821777,593.892578,593.90332,593.909729,593.833557,593.882935,593.930847,593.917969,590.798706,590.800171,590.710022,590.604553,590.444336,590.322388,590.194702,590.064148,589.932922,589.805603,589.704773,589.566345,589.423279,589.312805,589.186523,589.058533,588.930481,588.797119,588.687988,588.546387,588.490601,588.297485,588.180542,588.064697,587.939514,587.808228,587.680603,587.558289,587.443848,587.311157,PAR,6987.300293,6987.300293,6987.300293,6987.300293,6987.300293,6987.300293,6987.300293,6987.300293,6987.300293,6987.300293,6987.300293,6987.300293,6987.300293,6987.300293,6987.300293,6987.300293,6987.300293,6987.300293,6987.300293,6987.300293,6987.300293,6987.300293,6987.300293,6987.300293,6987.300293,6987.300293,6987.300293,6987.300293,6987.300293,6987.300293,6929.077148,6870.854004,6812.630859,6754.407715,6696.18457,6637.961914,6579.73877,6521.515625,6463.29248,6405.069336,6346.84668,6288.623535,6230.400391,6172.177246,6113.954102,6055.730957,5997.508301,5939.285156,5881.062012,5822.838867,5764.615723,5706.393066,5648.169922,5589.946777,5531.723633,5473.500488,5415.277344,5357.054688,5298.831543,5240.608398,6987.300293,6987.300293,6987.300293,6987.300293,6987.300293,6987.300293,6987.300293,6987.300293,6987.300293,6987.300293,6987.300293,6987.300293,6987.300293,6987.300293,6987.300293,6987.300293,6987.300293,6987.300293,6987.300293,6987.300293,6987.300293,6987.300293,6987.300293,6987.300293,6987.300293,6987.300293,6987.300293,6987.300293,6987.300293,6987.300293,PHASE,1,1,1,1,1,1,1,1,1,1,1,1,1,1,1,1,1,1,1,1,1,1,1,1,1,1,1,1,1,1,2,2,2,2,2,2,2,2,2,2,2,2,2,2,2,2,2,2,2,2,2,2,2,2,2,2,2,2,2,2,3,3,3,3,3,3,3,3,3,3,3,3,3,3,3,3,3,3,3,3,3,3,3,3,3,3,3,3,3,3,FLASH_END
13,6:14:44,7/1/2026,Auto gsw+F,LI-COR Default,,013,,,0.016841,2.919308,0.016745,0.163907,2.331916,2.327938,3.168851,0.836935,26.378231,26.423306,35.906742,0.441786,7.5,PSF-00548_20260701071444_f01,0,0,0,97.78476,496.319244,0.80298,0.5,0.8,1.407062,1,70.52,70.4,25.66,24.94,24.94,88.25,156.4,155.3,0.7,4,4.08,7:10:11,7/1/2026,0.46,1,0.004,0.003,-9999,0.294,0.489,-9999,1,150,0.005,2,0.058905,0,0.02923,0,0,-0.000068,standard,0,mpf,7000,500,5,2,300,300,300,489.297516,25,-4.890701,485.026367,489.319824,-4.293457,2.495481,2.478537,1.657444,0.92866,0.265649,-0.007504,0.268707,0.111062,97.78476,0.000221,2.389264,-0.000064,1,2.373994,-0.00005,1,0.600671,0.600225,0.107215,0,PSF-00548_20260701071444_f01,PFA-00618,PSA-00618,PSF-00548,RHS-0688,3.0.0,2022-04-21T19:36:20.491Z,MEASUREMENT_END,,,,,,,,,,,,,,,,,,,,,,,,,,,,,,,,,,,,,,,,,,,,,,,,,,,,,,,,,,,,,,,,,,,,,,,,,,,,,,,,,,,,,,,,,,,,,,,,,,,,,,,,,,,,,,,,,,,,,,,,,,,,,,,,,,,,,,,,,,,,,,,,,,,,,,,,,,,,,,,,,,,,,,,,,,,,,,,,,,,,,,,,,,,,,,,,,,,,,,,,,,,,,,,,,,,,,,,,,,,,,,,,,,,,,,,,,,,,,,,,,,,,,,,,,,,,,,,,,,,,,,,,,,,,,,
PSF-00548_20260701071444_f01,6:14:44,7/1/2026,PFA-00618,PSA-00618,PSF-00548,0,0,0,496.319244,97.78476,0.80298,11.059109,TIME,0,0.01,0.02,0.03,0.04,0.05,0.06,0.07,0.08,0.09,0.1,0.11,0.12,0.13,0.14,0.15,0.16,0.17,0.18,0.19,0.2,0.21,0.22,0.23,0.24,0.25,0.26,0.27,0.28,0.29,0.3,0.31,0.32,0.33,0.34,0.35,0.36,0.37,0.38,0.39,0.4,0.41,0.42,0.43,0.44,0.45,0.46,0.47,0.48,0.49,0.5,0.51,0.52,0.53,0.54,0.55,0.56,0.57,0.58,0.59,0.6,0.61,0.62,0.63,0.64,0.65,0.66,0.67,0.68,0.69,0.7,0.71,0.72,0.73,0.74,0.75,0.76,0.77,0.78,0.79,0.8,0.81,0.82,0.83,0.839999,0.849999,0.859999,0.869999,0.879999,0.889999,FLR,249.825241,395.121582,449.016449,472.342743,481.040588,484.570038,486.228699,487.113464,487.677094,488.000763,488.302582,488.48999,488.660217,488.837585,488.929871,489.048615,489.118347,489.203796,489.25174,489.263184,489.297516,489.290009,489.268555,489.256012,489.22168,489.183777,489.14267,489.112244,489.09903,489.077209,489.050018,489.104736,488.975647,489.032501,488.926636,488.993164,488.86441,488.86908,488.792908,488.787537,488.855469,488.699554,488.673798,488.503204,488.401306,488.309387,488.134857,488.074768,488.01828,487.855896,487.848755,487.717865,487.532623,487.490417,487.401367,487.31662,487.202515,487.164978,487.115631,487.06485,485.026367,485.014557,484.914795,484.818573,484.662659,484.50531,484.369049,484.21167,484.007111,483.827942,483.658081,483.431335,483.30368,483.188141,483.018982,482.842682,482.668884,482.452148,482.239014,482.016205,481.870667,481.657867,481.48764,481.298462,481.102814,480.92865,480.745911,480.524902,480.342163,480.129364,PAR,6987.300293,6987.300293,6987.300293,6987.300293,6987.300293,6987.300293,6987.300293,6987.300293,6987.300293,6987.300293,6987.300293,6987.300293,6987.300293,6987.300293,6987.300293,6987.300293,6987.300293,6987.300293,6987.300293,6987.300293,6987.300293,6987.300293,6987.300293,6987.300293,6987.300293,6987.300293,6987.300293,6987.300293,6987.300293,6987.300293,6929.077148,6870.854004,6812.630859,6754.407715,6696.18457,6637.961914,6579.73877,6521.515625,6463.29248,6405.069336,6346.84668,6288.623535,6230.400391,6172.177246,6113.954102,6055.730957,5997.508301,5939.285156,5881.062012,5822.838867,5764.615723,5706.393066,5648.169922,5589.946777,5531.723633,5473.500488,5415.277344,5357.054688,5298.831543,5240.608398,6987.300293,6987.300293,6987.300293,6987.300293,6987.300293,6987.300293,6987.300293,6987.300293,6987.300293,6987.300293,6987.300293,6987.300293,6987.300293,6987.300293,6987.300293,6987.300293,6987.300293,6987.300293,6987.300293,6987.300293,6987.300293,6987.300293,6987.300293,6987.300293,6987.300293,6987.300293,6987.300293,6987.300293,6987.300293,6987.300293,PHASE,1,1,1,1,1,1,1,1,1,1,1,1,1,1,1,1,1,1,1,1,1,1,1,1,1,1,1,1,1,1,2,2,2,2,2,2,2,2,2,2,2,2,2,2,2,2,2,2,2,2,2,2,2,2,2,2,2,2,2,2,3,3,3,3,3,3,3,3,3,3,3,3,3,3,3,3,3,3,3,3,3,3,3,3,3,3,3,3,3,3,FLASH_END
14,6:14:52,7/1/2026,Auto gsw+F,LI-COR Default,,014,,,0.013603,2.918732,0.01354,0.136774,2.325037,2.321716,3.188653,0.863616,26.307877,26.34551,36.131325,0.441786,7.5,PSF-00548_20260701071452_84c,0,0,0,99.257111,504.837158,0.803388,0.5,0.8,1.535362,1,70.21,70.11,25.68,25.05,25.05,88.25,156.3,155.1,0.8,5,4.079,7:10:11,7/1/2026,0.46,1,0.001,-0.002,-9999,0.294,0.487,-9999,1,150,0.005,2,0.058905,0,0.02923,0,0,-0.000068,standard,0,mpf,7000,500,5,2,300,300,300,504.837158,25,2.483531,504.201996,508.39151,-4.189514,2.4951,2.478135,1.656852,0.928143,0.26541,-0.006598,0.269411,0.111411,99.257111,0.000223,2.389264,-0.000064,1,2.373994,-0.00005,1,0.600671,0.600225,0.107215,0,PSF-00548_20260701071452_84c,PFA-00618,PSA-00618,PSF-00548,RHS-0688,3.0.0,2022-04-21T19:36:20.491Z,MEASUREMENT_END,,,,,,,,,,,,,,,,,,,,,,,,,,,,,,,,,,,,,,,,,,,,,,,,,,,,,,,,,,,,,,,,,,,,,,,,,,,,,,,,,,,,,,,,,,,,,,,,,,,,,,,,,,,,,,,,,,,,,,,,,,,,,,,,,,,,,,,,,,,,,,,,,,,,,,,,,,,,,,,,,,,,,,,,,,,,,,,,,,,,,,,,,,,,,,,,,,,,,,,,,,,,,,,,,,,,,,,,,,,,,,,,,,,,,,,,,,,,,,,,,,,,,,,,,,,,,,,,,,,,,,,,,,,,,,
PSF-00548_20260701071452_84c,6:14:52,7/1/2026,PFA-00618,PSA-00618,PSF-00548,0,0,0,504.837158,99.257111,0.803388,11.456133,TIME,0,0.01,0.02,0.03,0.04,0.05,0.06,0.07,0.08,0.09,0.1,0.11,0.12,0.13,0.14,0.15,0.16,0.17,0.18,0.19,0.2,0.21,0.22,0.23,0.24,0.25,0.26,0.27,0.28,0.29,0.3,0.31,0.32,0.33,0.34,0.35,0.36,0.37,0.38,0.39,0.4,0.41,0.42,0.43,0.44,0.45,0.46,0.47,0.48,0.49,0.5,0.51,0.52,0.53,0.54,0.55,0.56,0.57,0.58,0.59,0.6,0.61,0.62,0.63,0.64,0.65,0.66,0.67,0.68,0.69,0.7,0.71,0.72,0.73,0.74,0.75,0.76,0.77,0.78,0.79,0.8,0.81,0.82,0.83,0.839999,0.849999,0.859999,0.869999,0.879999,0.889999,FLR,256.055115,413.371338,466.956146,487.379181,494.961975,498.213898,499.939087,501.011597,501.789093,502.360229,502.827637,503.164886,503.448486,503.675232,503.866211,504.022827,504.146942,504.250641,504.385101,504.454498,504.543549,504.577881,504.640472,504.656921,504.719482,504.755249,504.791016,504.790649,504.837158,504.830719,504.858612,504.961609,504.959106,505.10788,505.093231,505.222321,505.240204,505.32782,505.332825,505.431519,505.577087,505.499115,505.604614,505.576721,505.647888,505.68866,505.660065,505.730865,505.809906,505.736237,505.872833,505.867493,505.869629,505.931854,505.957611,505.99408,505.968689,506.00946,506.081329,506.092773,504.089722,504.201996,504.192352,504.143005,504.076111,504.00354,503.927002,503.866211,503.802551,503.720642,503.648743,503.505707,503.418793,503.326172,503.233917,503.148071,503.079773,502.994659,502.95639,502.871277,502.808685,502.672791,502.594116,502.511871,502.418152,502.317657,502.211456,502.118103,502.03299,501.942505,PAR,6987.300293,6987.300293,6987.300293,6987.300293,6987.300293,6987.300293,6987.300293,6987.300293,6987.300293,6987.300293,6987.300293,6987.300293,6987.300293,6987.300293,6987.300293,6987.300293,6987.300293,6987.300293,6987.300293,6987.300293,6987.300293,6987.300293,6987.300293,6987.300293,6987.300293,6987.300293,6987.300293,6987.300293,6987.300293,6987.300293,6929.077148,6870.854004,6812.630859,6754.407715,6696.18457,6637.961914,6579.73877,6521.515625,6463.29248,6405.069336,6346.84668,6288.623535,6230.400391,6172.177246,6113.954102,6055.730957,5997.508301,5939.285156,5881.062012,5822.838867,5764.615723,5706.393066,5648.169922,5589.946777,5531.723633,5473.500488,5415.277344,5357.054688,5298.831543,5240.608398,6987.300293,6987.300293,6987.300293,6987.300293,6987.300293,6987.300293,6987.300293,6987.300293,6987.300293,6987.300293,6987.300293,6987.300293,6987.300293,6987.300293,6987.300293,6987.300293,6987.300293,6987.300293,6987.300293,6987.300293,6987.300293,6987.300293,6987.300293,6987.300293,6987.300293,6987.300293,6987.300293,6987.300293,6987.300293,6987.300293,PHASE,1,1,1,1,1,1,1,1,1,1,1,1,1,1,1,1,1,1,1,1,1,1,1,1,1,1,1,1,1,1,2,2,2,2,2,2,2,2,2,2,2,2,2,2,2,2,2,2,2,2,2,2,2,2,2,2,2,2,2,2,3,3,3,3,3,3,3,3,3,3,3,3,3,3,3,3,3,3,3,3,3,3,3,3,3,3,3,3,3,3,FLASH_END
15,6:15:01,7/1/2026,Auto gsw+F,LI-COR Default,,015,,,0.038243,2.918873,0.037748,0.376351,2.327437,2.3183,3.179851,0.852414,26.269238,26.372774,36.031693,0.441786,7.5,PSF-00548_20260701071501_e4a,0,0,0,99.565742,501.780518,0.801575,0.5,0.8,1.045947,1,70.18,69.9,25.71,25,25,88.25,156.4,155.4,0.6,3,4.079,7:10:11,7/1/2026,0.46,1,-0.001,-0.003,-9999,0.321,0.633,-9999,1,150,0.005,2,0.058905,0,0.02923,0,0,-0.000068,standard,0,mpf,7000,500,5,2,300,300,300,501.780518,25,1.723563,500.888214,504.247223,-3.359009,2.494811,2.478079,1.656996,0.928678,0.265132,-0.007406,0.270272,0.11008,99.565742,0.000224,2.389264,-0.000064,1,2.373994,-0.00005,1,0.600671,0.600225,0.107215,0,PSF-00548_20260701071501_e4a,PFA-00618,PSA-00618,PSF-00548,RHS-0688,3.0.0,2022-04-21T19:36:20.491Z,MEASUREMENT_END,,,,,,,,,,,,,,,,,,,,,,,,,,,,,,,,,,,,,,,,,,,,,,,,,,,,,,,,,,,,,,,,,,,,,,,,,,,,,,,,,,,,,,,,,,,,,,,,,,,,,,,,,,,,,,,,,,,,,,,,,,,,,,,,,,,,,,,,,,,,,,,,,,,,,,,,,,,,,,,,,,,,,,,,,,,,,,,,,,,,,,,,,,,,,,,,,,,,,,,,,,,,,,,,,,,,,,,,,,,,,,,,,,,,,,,,,,,,,,,,,,,,,,,,,,,,,,,,,,,,,,,,,,,,,,
PSF-00548_20260701071501_e4a,6:15:01,7/1/2026,PFA-00618,PSA-00618,PSF-00548,0,0,0,501.780518,99.565742,0.801575,9.94052,TIME,0,0.01,0.02,0.03,0.04,0.05,0.06,0.07,0.08,0.09,0.1,0.11,0.12,0.13,0.14,0.15,0.16,0.17,0.18,0.19,0.2,0.21,0.22,0.23,0.24,0.25,0.26,0.27,0.28,0.29,0.3,0.31,0.32,0.33,0.34,0.35,0.36,0.37,0.38,0.39,0.4,0.41,0.42,0.43,0.44,0.45,0.46,0.47,0.48,0.49,0.5,0.51,0.52,0.53,0.54,0.55,0.56,0.57,0.58,0.59,0.6,0.61,0.62,0.63,0.64,0.65,0.66,0.67,0.68,0.69,0.7,0.71,0.72,0.73,0.74,0.75,0.76,0.77,0.78,0.79,0.8,0.81,0.82,0.83,0.839999,0.849999,0.859999,0.869999,0.879999,0.889999,FLR,257.278931,415.203796,467.150696,486.017334,492.84552,495.741974,497.308716,498.309387,499.02713,499.569641,500.025269,500.306,500.582092,500.800964,500.983002,501.127838,501.24942,501.347076,501.406067,501.466858,501.568451,501.57666,501.625671,501.672516,501.691101,501.710419,501.732941,501.749756,501.764404,501.780518,501.810913,501.894958,501.918182,502.052307,502.044067,502.173187,502.139923,502.227539,502.225403,502.28833,502.417084,502.348419,502.463928,502.415649,502.43927,502.52652,502.454285,502.507568,502.574097,502.504333,502.597321,502.639526,502.592316,502.629517,502.63382,502.642761,502.603058,502.634155,502.732513,502.737152,500.768066,500.888214,500.874268,500.814545,500.72049,500.647888,500.539551,500.486267,500.437988,500.367523,500.308502,500.187988,500.111115,500.052094,500.000244,499.952667,499.868286,499.813202,499.733459,499.634735,499.559296,499.446259,499.375824,499.313232,499.226318,499.142639,499.056091,498.976715,498.903748,498.830078,PAR,6987.300293,6987.300293,6987.300293,6987.300293,6987.300293,6987.300293,6987.300293,6987.300293,6987.300293,6987.300293,6987.300293,6987.300293,6987.300293,6987.300293,6987.300293,6987.300293,6987.300293,6987.300293,6987.300293,6987.300293,6987.300293,6987.300293,6987.300293,6987.300293,6987.300293,6987.300293,6987.300293,6987.300293,6987.300293,6987.300293,6929.077148,6870.854004,6812.630859,6754.407715,6696.18457,6637.961914,6579.73877,6521.515625,6463.29248,6405.069336,6346.84668,6288.623535,6230.400391,6172.177246,6113.954102,6055.730957,5997.508301,5939.285156,5881.062012,5822.838867,5764.615723,5706.393066,5648.169922,5589.946777,5531.723633,5473.500488,5415.277344,5357.054688,5298.831543,5240.608398,6987.300293,6987.300293,6987.300293,6987.300293,6987.300293,6987.300293,6987.300293,6987.300293,6987.300293,6987.300293,6987.300293,6987.300293,6987.300293,6987.300293,6987.300293,6987.300293,6987.300293,6987.300293,6987.300293,6987.300293,6987.300293,6987.300293,6987.300293,6987.300293,6987.300293,6987.300293,6987.300293,6987.300293,6987.300293,6987.300293,PHASE,1,1,1,1,1,1,1,1,1,1,1,1,1,1,1,1,1,1,1,1,1,1,1,1,1,1,1,1,1,1,2,2,2,2,2,2,2,2,2,2,2,2,2,2,2,2,2,2,2,2,2,2,2,2,2,2,2,2,2,2,3,3,3,3,3,3,3,3,3,3,3,3,3,3,3,3,3,3,3,3,3,3,3,3,3,3,3,3,3,3,FLASH_END
16,6:15:16,7/1/2026,Auto gsw+F,LI-COR Default,,016,,,-0.032775,2.919142,-0.033148,-0.340337,2.36665,2.374906,3.243772,0.877121,26.916149,26.822584,36.763496,0.441786,7.5,PSF-00548_20260701071516_fdf,0,0,0,110.43763,507.030792,0.782188,0.5,0.8,1.803928,1,71.18,71.43,25.75,25.34,25.34,88.23,156.4,155.2,0.7,6,4.078,7:10:11,7/1/2026,0.46,1,-0.001,0.002,-0.009,0.597,1.14,2.385,1,150,0.005,2,0.058905,0,0.02923,0,0,-0.000068,standard,0,mpf,7000,500,5,2,300,300,300,506.881714,25,-0.058179,505.713715,506.94754,-1.233826,2.49682,2.479382,1.657274,0.928334,0.264687,-0.004165,0.271694,0.112279,110.43763,0.000224,2.389264,-0.000064,1,2.373994,-0.00005,1,0.600671,0.600225,0.107215,0,PSF-00548_20260701071516_fdf,PFA-00618,PSA-00618,PSF-00548,RHS-0688,3.0.0,2022-04-21T19:36:20.491Z,MEASUREMENT_END,,,,,,,,,,,,,,,,,,,,,,,,,,,,,,,,,,,,,,,,,,,,,,,,,,,,,,,,,,,,,,,,,,,,,,,,,,,,,,,,,,,,,,,,,,,,,,,,,,,,,,,,,,,,,,,,,,,,,,,,,,,,,,,,,,,,,,,,,,,,,,,,,,,,,,,,,,,,,,,,,,,,,,,,,,,,,,,,,,,,,,,,,,,,,,,,,,,,,,,,,,,,,,,,,,,,,,,,,,,,,,,,,,,,,,,,,,,,,,,,,,,,,,,,,,,,,,,,,,,,,,,,,,,,,,
PSF-00548_20260701071516_fdf,6:15:16,7/1/2026,PFA-00618,PSA-00618,PSF-00548,0,0,0,507.030792,110.43763,0.782188,12.444009,TIME,0,0.01,0.02,0.03,0.04,0.05,0.06,0.07,0.08,0.09,0.1,0.11,0.12,0.13,0.14,0.15,0.16,0.17,0.18,0.19,0.2,0.21,0.22,0.23,0.24,0.25,0.26,0.27,0.28,0.29,0.3,0.31,0.32,0.33,0.34,0.35,0.36,0.37,0.38,0.39,0.4,0.41,0.42,0.43,0.44,0.45,0.46,0.47,0.48,0.49,0.5,0.51,0.52,0.53,0.54,0.55,0.56,0.57,0.58,0.59,0.6,0.61,0.62,0.63,0.64,0.65,0.66,0.67,0.68,0.69,0.7,0.71,0.72,0.73,0.74,0.75,0.76,0.77,0.78,0.79,0.8,0.81,0.82,0.83,0.839999,0.849999,0.859999,0.869999,0.879999,0.889999,FLR,282.476654,430.485596,474.504578,490.274902,496.7966,500.058533,501.966492,503.225677,504.136932,504.765625,505.287415,505.616058,505.911835,506.148926,506.315247,506.450775,506.550903,506.631378,506.716125,506.756195,506.826996,506.834869,506.851318,506.848083,506.877777,506.871704,506.881714,506.862762,506.860626,506.823425,506.851685,506.908905,506.896362,506.94574,506.9039,506.984711,506.929993,506.978271,506.924988,506.968262,507.041229,506.95932,506.975769,506.947876,506.940735,506.997589,506.941071,506.968262,506.966461,506.898529,506.960388,506.916046,506.86203,506.922485,506.919617,506.91748,506.875275,506.918915,506.930359,506.882782,505.537048,505.713715,505.706909,505.692963,505.606049,505.521301,505.451904,505.38324,505.323181,505.244507,505.223022,505.149017,505.039917,504.973419,504.89975,504.820709,504.781372,504.713074,504.631531,504.527802,504.470581,504.360809,504.273895,504.209167,504.138702,504.106171,504.026428,503.97171,503.914825,503.841156,PAR,6987.300293,6987.300293,6987.300293,6987.300293,6987.300293,6987.300293,6987.300293,6987.300293,6987.300293,6987.300293,6987.300293,6987.300293,6987.300293,6987.300293,6987.300293,6987.300293,6987.300293,6987.300293,6987.300293,6987.300293,6987.300293,6987.300293,6987.300293,6987.300293,6987.300293,6987.300293,6987.300293,6987.300293,6987.300293,6987.300293,6929.077148,6870.854004,6812.630859,6754.407715,6696.18457,6637.961914,6579.73877,6521.515625,6463.29248,6405.069336,6346.84668,6288.623535,6230.400391,6172.177246,6113.954102,6055.730957,5997.508301,5939.285156,5881.062012,5822.838867,5764.615723,5706.393066,5648.169922,5589.946777,5531.723633,5473.500488,5415.277344,5357.054688,5298.831543,5240.608398,6987.300293,6987.300293,6987.300293,6987.300293,6987.300293,6987.300293,6987.300293,6987.300293,6987.300293,6987.300293,6987.300293,6987.300293,6987.300293,6987.300293,6987.300293,6987.300293,6987.300293,6987.300293,6987.300293,6987.300293,6987.300293,6987.300293,6987.300293,6987.300293,6987.300293,6987.300293,6987.300293,6987.300293,6987.300293,6987.300293,PHASE,1,1,1,1,1,1,1,1,1,1,1,1,1,1,1,1,1,1,1,1,1,1,1,1,1,1,1,1,1,1,2,2,2,2,2,2,2,2,2,2,2,2,2,2,2,2,2,2,2,2,2,2,2,2,2,2,2,2,2,2,3,3,3,3,3,3,3,3,3,3,3,3,3,3,3,3,3,3,3,3,3,3,3,3,3,3,3,3,3,3,FLASH_END
17,6:15:29,7/1/2026,Auto gsw+F,LI-COR Default,,017,,,0.012938,2.918791,0.012881,0.134501,2.351839,2.348575,3.24396,0.89212,26.617498,26.654493,36.765312,0.441786,7.5,PSF-00548_20260701071529_57b,0,0,0,110.25882,520.502319,0.788168,0.5,0.8,1.511411,1,70.59,70.49,25.79,25.34,25.34,88.23,156.3,155.2,0.8,5,4.079,7:10:11,7/1/2026,0.46,1,0,-0.002,-0.013,0.866,1.762,3.502,1,150,0.005,2,0.058905,0,0.02923,0,0,-0.000068,standard,0,mpf,7000,500,5,2,300,300,300,520.502319,25,2.188998,519.883972,523.635132,-3.75116,2.495564,2.478594,1.656912,0.928187,0.264314,-0.00455,0.272902,0.111425,110.25882,0.000225,2.389264,-0.000064,1,2.373994,-0.00005,1,0.600671,0.600225,0.107215,0,PSF-00548_20260701071529_57b,PFA-00618,PSA-00618,PSF-00548,RHS-0688,3.0.0,2022-04-21T19:36:20.491Z,MEASUREMENT_END,,,,,,,,,,,,,,,,,,,,,,,,,,,,,,,,,,,,,,,,,,,,,,,,,,,,,,,,,,,,,,,,,,,,,,,,,,,,,,,,,,,,,,,,,,,,,,,,,,,,,,,,,,,,,,,,,,,,,,,,,,,,,,,,,,,,,,,,,,,,,,,,,,,,,,,,,,,,,,,,,,,,,,,,,,,,,,,,,,,,,,,,,,,,,,,,,,,,,,,,,,,,,,,,,,,,,,,,,,,,,,,,,,,,,,,,,,,,,,,,,,,,,,,,,,,,,,,,,,,,,,,,,,,,,,
PSF-00548_20260701071529_57b,6:15:29,7/1/2026,PFA-00618,PSA-00618,PSF-00548,0,0,0,520.502319,110.25882,0.788168,11.472421,TIME,0,0.01,0.02,0.03,0.04,0.05,0.06,0.07,0.08,0.09,0.1,0.11,0.12,0.13,0.14,0.15,0.16,0.17,0.18,0.19,0.2,0.21,0.22,0.23,0.24,0.25,0.26,0.27,0.28,0.29,0.3,0.31,0.32,0.33,0.34,0.35,0.36,0.37,0.38,0.39,0.4,0.41,0.42,0.43,0.44,0.45,0.46,0.47,0.48,0.49,0.5,0.51,0.52,0.53,0.54,0.55,0.56,0.57,0.58,0.59,0.6,0.61,0.62,0.63,0.64,0.65,0.66,0.67,0.68,0.69,0.7,0.71,0.72,0.73,0.74,0.75,0.76,0.77,0.78,0.79,0.8,0.81,0.82,0.83,0.839999,0.849999,0.859999,0.869999,0.879999,0.889999,FLR,284.299133,436.987274,484.490631,503.169189,511.21582,515.071045,517.110962,518.27002,519.007812,519.427307,519.723389,519.890442,520.028442,520.158997,520.207275,520.280212,520.318176,520.362488,520.408997,520.427246,520.490173,520.483032,520.483398,520.502319,520.489441,520.471924,520.459045,520.467285,520.453674,520.446899,520.403259,520.474792,520.427612,520.558105,520.500549,520.586731,520.558838,520.624268,520.598877,520.671143,520.791321,520.735474,520.81488,520.793823,520.87854,520.951172,520.929321,520.982239,521.040894,520.995483,521.106018,521.14679,521.110657,521.182922,521.211487,521.271973,521.247253,521.325928,521.413208,521.452881,519.736633,519.883972,519.867554,519.848938,519.761353,519.697693,519.635071,519.577148,519.51709,519.456604,519.461609,519.398315,519.350769,519.298218,519.21344,519.147644,519.099365,519.048584,518.972046,518.909119,518.851868,518.71814,518.649841,518.560425,518.510315,518.450256,518.366211,518.303284,518.246765,518.191345,PAR,6987.300293,6987.300293,6987.300293,6987.300293,6987.300293,6987.300293,6987.300293,6987.300293,6987.300293,6987.300293,6987.300293,6987.300293,6987.300293,6987.300293,6987.300293,6987.300293,6987.300293,6987.300293,6987.300293,6987.300293,6987.300293,6987.300293,6987.300293,6987.300293,6987.300293,6987.300293,6987.300293,6987.300293,6987.300293,6987.300293,6929.077148,6870.854004,6812.630859,6754.407715,6696.18457,6637.961914,6579.73877,6521.515625,6463.29248,6405.069336,6346.84668,6288.623535,6230.400391,6172.177246,6113.954102,6055.730957,5997.508301,5939.285156,5881.062012,5822.838867,5764.615723,5706.393066,5648.169922,5589.946777,5531.723633,5473.500488,5415.277344,5357.054688,5298.831543,5240.608398,6987.300293,6987.300293,6987.300293,6987.300293,6987.300293,6987.300293,6987.300293,6987.300293,6987.300293,6987.300293,6987.300293,6987.300293,6987.300293,6987.300293,6987.300293,6987.300293,6987.300293,6987.300293,6987.300293,6987.300293,6987.300293,6987.300293,6987.300293,6987.300293,6987.300293,6987.300293,6987.300293,6987.300293,6987.300293,6987.300293,PHASE,1,1,1,1,1,1,1,1,1,1,1,1,1,1,1,1,1,1,1,1,1,1,1,1,1,1,1,1,1,1,2,2,2,2,2,2,2,2,2,2,2,2,2,2,2,2,2,2,2,2,2,2,2,2,2,2,2,2,2,2,3,3,3,3,3,3,3,3,3,3,3,3,3,3,3,3,3,3,3,3,3,3,3,3,3,3,3,3,3,3,FLASH_END
18,6:15:49,7/1/2026,Auto gsw+F,LI-COR Default,,018,,,-0.002664,2.919888,-0.002666,-0.027633,2.348696,2.349366,3.234335,0.88564,26.625328,26.617733,36.654675,0.441786,7.5,PSF-00548_20260701071549_e42,0,0,0,107.92923,523.685547,0.793904,0.5,0.8,2.025177,1,70.27,70.29,25.84,25.29,25.29,88.24,156.5,155,1,6,4.078,7:10:11,7/1/2026,0.46,1,0,-0.003,-9999,0.937,1.84,-9999,1,150,0.005,2,0.058905,0,0.02923,0,0,-0.000068,standard,0,mpf,7000,500,5,2,300,300,300,523.685547,25,0.603611,523.173828,524.549438,-1.37561,2.495287,2.478167,1.658042,0.927722,0.263761,-0.005697,0.274818,0.112816,107.92923,0.000223,2.389264,-0.000064,1,2.373994,-0.00005,1,0.600671,0.600225,0.107215,0,PSF-00548_20260701071549_e42,PFA-00618,PSA-00618,PSF-00548,RHS-0688,3.0.0,2022-04-21T19:36:20.491Z,MEASUREMENT_END,,,,,,,,,,,,,,,,,,,,,,,,,,,,,,,,,,,,,,,,,,,,,,,,,,,,,,,,,,,,,,,,,,,,,,,,,,,,,,,,,,,,,,,,,,,,,,,,,,,,,,,,,,,,,,,,,,,,,,,,,,,,,,,,,,,,,,,,,,,,,,,,,,,,,,,,,,,,,,,,,,,,,,,,,,,,,,,,,,,,,,,,,,,,,,,,,,,,,,,,,,,,,,,,,,,,,,,,,,,,,,,,,,,,,,,,,,,,,,,,,,,,,,,,,,,,,,,,,,,,,,,,,,,,,,
PSF-00548_20260701071549_e42,6:15:49,7/1/2026,PFA-00618,PSA-00618,PSF-00548,0,0,0,523.685547,107.92923,0.793904,13.05563,TIME,0,0.01,0.02,0.03,0.04,0.05,0.06,0.07,0.08,0.09,0.1,0.11,0.12,0.13,0.14,0.15,0.16,0.17,0.18,0.19,0.2,0.21,0.22,0.23,0.24,0.25,0.26,0.27,0.28,0.29,0.3,0.31,0.32,0.33,0.34,0.35,0.36,0.37,0.38,0.39,0.4,0.41,0.42,0.43,0.44,0.45,0.46,0.47,0.48,0.49,0.5,0.51,0.52,0.53,0.54,0.55,0.56,0.57,0.58,0.59,0.6,0.61,0.62,0.63,0.64,0.65,0.66,0.67,0.68,0.69,0.7,0.71,0.72,0.73,0.74,0.75,0.76,0.77,0.78,0.79,0.8,0.81,0.82,0.83,0.839999,0.849999,0.859999,0.869999,0.879999,0.889999,FLR,280.566559,437.815186,486.048462,504.065399,511.767975,515.714783,518.028992,519.507385,520.534546,521.204712,521.763672,522.111267,522.390991,522.669922,522.825867,522.973511,523.108337,523.197083,523.309021,523.381958,523.473877,523.493164,523.537537,523.580811,523.590088,523.62085,523.650146,523.664124,523.679871,523.685547,523.710632,523.76709,523.750671,523.853638,523.810364,523.904419,523.867249,523.907654,523.914429,523.980286,524.046082,523.985291,524.031067,524.006348,524.064636,524.071838,524.042847,524.04248,524.075378,524.028198,524.078247,524.087219,524.019958,524.064331,524.056458,524.044983,524.031372,524.022461,524.071472,524.039978,522.909546,523.173828,523.166992,523.147705,523.094788,523.03186,522.955994,522.8927,522.844421,522.777222,522.752136,522.680664,522.618042,522.56012,522.487549,522.427429,522.356995,522.282959,522.230774,522.168518,522.116638,522.006897,521.946777,521.895996,521.825195,521.736145,521.680725,521.604553,521.53656,521.43573,PAR,6987.300293,6987.300293,6987.300293,6987.300293,6987.300293,6987.300293,6987.300293,6987.300293,6987.300293,6987.300293,6987.300293,6987.300293,6987.300293,6987.300293,6987.300293,6987.300293,6987.300293,6987.300293,6987.300293,6987.300293,6987.300293,6987.300293,6987.300293,6987.300293,6987.300293,6987.300293,6987.300293,6987.300293,6987.300293,6987.300293,6929.077148,6870.854004,6812.630859,6754.407715,6696.18457,6637.961914,6579.73877,6521.515625,6463.29248,6405.069336,6346.84668,6288.623535,6230.400391,6172.177246,6113.954102,6055.730957,5997.508301,5939.285156,5881.062012,5822.838867,5764.615723,5706.393066,5648.169922,5589.946777,5531.723633,5473.500488,5415.277344,5357.054688,5298.831543,5240.608398,6987.300293,6987.300293,6987.300293,6987.300293,6987.300293,6987.300293,6987.300293,6987.300293,6987.300293,6987.300293,6987.300293,6987.300293,6987.300293,6987.300293,6987.300293,6987.300293,6987.300293,6987.300293,6987.300293,6987.300293,6987.300293,6987.300293,6987.300293,6987.300293,6987.300293,6987.300293,6987.300293,6987.300293,6987.300293,6987.300293,PHASE,1,1,1,1,1,1,1,1,1,1,1,1,1,1,1,1,1,1,1,1,1,1,1,1,1,1,1,1,1,1,2,2,2,2,2,2,2,2,2,2,2,2,2,2,2,2,2,2,2,2,2,2,2,2,2,2,2,2,2,2,3,3,3,3,3,3,3,3,3,3,3,3,3,3,3,3,3,3,3,3,3,3,3,3,3,3,3,3,3,3,FLASH_END
19,6:16:47,7/1/2026,Auto gsw+F,LI-COR Default,,019,,,-0.019337,2.919389,-0.019466,-0.210666,2.344862,2.349974,3.269712,0.924851,26.623924,26.566002,37.04406,0.441786,7.5,PSF-00548_20260701071647_f09,0,0,0,123.123764,549.211609,0.775817,0.5,0.8,1.369447,1,69.43,69.58,26.01,25.47,25.47,88.27,156.4,155.2,0.8,4,4.076,7:16:17,7/1/2026,0.35,1,0.007,0.005,-9999,1.97,3.124,-9999,1,150,0.005,2,0.058905,0,0.02923,0,0,-0.000068,standard,0,mpf,7000,500,5,2,300,300,300,549.211609,25,3.14532,546.877747,553.713074,-6.835327,2.49429,2.477159,1.657528,0.928278,0.261922,-0.005632,0.280557,0.111091,123.123764,0.000227,2.389264,-0.000064,1,2.373994,-0.00005,1,0.600671,0.600225,0.107215,0,PSF-00548_20260701071647_f09,PFA-00618,PSA-00618,PSF-00548,RHS-0688,3.0.0,2022-04-21T19:36:20.491Z,MEASUREMENT_END,,,,,,,,,,,,,,,,,,,,,,,,,,,,,,,,,,,,,,,,,,,,,,,,,,,,,,,,,,,,,,,,,,,,,,,,,,,,,,,,,,,,,,,,,,,,,,,,,,,,,,,,,,,,,,,,,,,,,,,,,,,,,,,,,,,,,,,,,,,,,,,,,,,,,,,,,,,,,,,,,,,,,,,,,,,,,,,,,,,,,,,,,,,,,,,,,,,,,,,,,,,,,,,,,,,,,,,,,,,,,,,,,,,,,,,,,,,,,,,,,,,,,,,,,,,,,,,,,,,,,,,,,,,,,,
PSF-00548_20260701071647_f09,6:16:47,7/1/2026,PFA-00618,PSA-00618,PSF-00548,0,0,0,549.211609,123.123764,0.775817,11.091278,TIME,0,0.01,0.02,0.03,0.04,0.05,0.06,0.07,0.08,0.09,0.1,0.11,0.12,0.13,0.14,0.15,0.16,0.17,0.18,0.19,0.2,0.21,0.22,0.23,0.24,0.25,0.26,0.27,0.28,0.29,0.3,0.31,0.32,0.33,0.34,0.35,0.36,0.37,0.38,0.39,0.4,0.41,0.42,0.43,0.44,0.45,0.46,0.47,0.48,0.49,0.5,0.51,0.52,0.53,0.54,0.55,0.56,0.57,0.58,0.59,0.6,0.61,0.62,0.63,0.64,0.65,0.66,0.67,0.68,0.69,0.7,0.71,0.72,0.73,0.74,0.75,0.76,0.77,0.78,0.79,0.8,0.81,0.82,0.83,0.839999,0.849999,0.859999,0.869999,0.879999,0.889999,FLR,316.816101,462.2966,511.541962,533.568237,542.860168,546.844482,548.470642,549.069275,549.211609,549.107178,549.025269,548.87793,548.766724,548.722717,548.638,548.571472,548.553589,548.517822,548.496033,548.442749,548.444153,548.372986,548.34082,548.299316,548.256042,548.207397,548.164856,548.106934,548.092224,548.040405,548.027527,548.144836,548.083313,548.246765,548.177734,548.351196,548.291077,548.371887,548.347595,548.44989,548.596497,548.506409,548.593994,548.584351,548.691284,548.809631,548.753113,548.847168,548.97699,548.908325,549.071777,549.091431,549.055725,549.193054,549.22876,549.300659,549.287415,549.369324,549.475891,549.50415,546.842712,546.877747,546.773315,546.63208,546.473267,546.302307,546.148193,546.027649,545.919312,545.786621,545.700073,545.527344,545.379639,545.250549,545.078491,544.898254,544.72229,544.543518,544.376465,544.196228,544.083618,543.924805,543.79425,543.694519,543.547485,543.438416,543.297913,543.137695,542.940613,542.717102,PAR,6987.300293,6987.300293,6987.300293,6987.300293,6987.300293,6987.300293,6987.300293,6987.300293,6987.300293,6987.300293,6987.300293,6987.300293,6987.300293,6987.300293,6987.300293,6987.300293,6987.300293,6987.300293,6987.300293,6987.300293,6987.300293,6987.300293,6987.300293,6987.300293,6987.300293,6987.300293,6987.300293,6987.300293,6987.300293,6987.300293,6929.077148,6870.854004,6812.630859,6754.407715,6696.18457,6637.961914,6579.73877,6521.515625,6463.29248,6405.069336,6346.84668,6288.623535,6230.400391,6172.177246,6113.954102,6055.730957,5997.508301,5939.285156,5881.062012,5822.838867,5764.615723,5706.393066,5648.169922,5589.946777,5531.723633,5473.500488,5415.277344,5357.054688,5298.831543,5240.608398,6987.300293,6987.300293,6987.300293,6987.300293,6987.300293,6987.300293,6987.300293,6987.300293,6987.300293,6987.300293,6987.300293,6987.300293,6987.300293,6987.300293,6987.300293,6987.300293,6987.300293,6987.300293,6987.300293,6987.300293,6987.300293,6987.300293,6987.300293,6987.300293,6987.300293,6987.300293,6987.300293,6987.300293,6987.300293,6987.300293,PHASE,1,1,1,1,1,1,1,1,1,1,1,1,1,1,1,1,1,1,1,1,1,1,1,1,1,1,1,1,1,1,2,2,2,2,2,2,2,2,2,2,2,2,2,2,2,2,2,2,2,2,2,2,2,2,2,2,2,2,2,2,3,3,3,3,3,3,3,3,3,3,3,3,3,3,3,3,3,3,3,3,3,3,3,3,3,3,3,3,3,3,FLASH_END
20,6:16:56,7/1/2026,Auto gsw+F,LI-COR Default,,020,,,-0.006128,2.919073,-0.006141,-0.065019,2.351543,2.353121,3.256322,0.904779,26.660034,26.642155,36.892979,0.441786,7.5,PSF-00548_20260701071656_b0d,0,0,0,117.402077,538.468506,0.78197,0.5,0.8,1.273956,1,69.53,69.58,26.04,25.4,25.4,88.26,156.4,155,0.9,4,4.076,7:16:17,7/1/2026,0.35,1,0.001,0.005,-9999,1.192,2.704,-9999,1,150,0.005,2,0.058905,0,0.02923,0,0,-0.000068,standard,0,mpf,7000,500,5,2,300,300,300,538.468506,25,1.029047,536.045532,539.941223,-3.895691,2.494277,2.477283,1.657203,0.927724,0.261675,-0.006668,0.281395,0.110792,117.402077,0.000224,2.389264,-0.000064,1,2.373994,-0.00005,1,0.600671,0.600225,0.107215,0,PSF-00548_20260701071656_b0d,PFA-00618,PSA-00618,PSF-00548,RHS-0688,3.0.0,2022-04-21T19:36:20.491Z,MEASUREMENT_END,,,,,,,,,,,,,,,,,,,,,,,,,,,,,,,,,,,,,,,,,,,,,,,,,,,,,,,,,,,,,,,,,,,,,,,,,,,,,,,,,,,,,,,,,,,,,,,,,,,,,,,,,,,,,,,,,,,,,,,,,,,,,,,,,,,,,,,,,,,,,,,,,,,,,,,,,,,,,,,,,,,,,,,,,,,,,,,,,,,,,,,,,,,,,,,,,,,,,,,,,,,,,,,,,,,,,,,,,,,,,,,,,,,,,,,,,,,,,,,,,,,,,,,,,,,,,,,,,,,,,,,,,,,,,,
PSF-00548_20260701071656_b0d,6:16:56,7/1/2026,PFA-00618,PSA-00618,PSF-00548,0,0,0,538.468506,117.402077,0.78197,10.751263,TIME,0,0.01,0.02,0.03,0.04,0.05,0.06,0.07,0.08,0.09,0.1,0.11,0.12,0.13,0.14,0.15,0.16,0.17,0.18,0.19,0.2,0.21,0.22,0.23,0.24,0.25,0.26,0.27,0.28,0.29,0.3,0.31,0.32,0.33,0.34,0.35,0.36,0.37,0.38,0.39,0.4,0.41,0.42,0.43,0.44,0.45,0.46,0.47,0.48,0.49,0.5,0.51,0.52,0.53,0.54,0.55,0.56,0.57,0.58,0.59,0.6,0.61,0.62,0.63,0.64,0.65,0.66,0.67,0.68,0.69,0.7,0.71,0.72,0.73,0.74,0.75,0.76,0.77,0.78,0.79,0.8,0.81,0.82,0.83,0.839999,0.849999,0.859999,0.869999,0.879999,0.889999,FLR,307.634338,453.871979,502.345917,523.14447,532.025452,535.886047,537.536499,538.19989,538.449524,538.461304,538.468506,538.403015,538.361206,538.384094,538.36261,538.348328,538.31543,538.273926,538.279663,538.236755,538.232117,538.163757,538.122986,538.051514,537.969238,537.940613,537.891296,537.829407,537.776489,537.69812,537.650574,537.719604,537.653809,537.763245,537.683838,537.773987,537.715698,537.775024,537.694946,537.769287,537.893066,537.760376,537.843018,537.792908,537.88269,537.936707,537.858337,537.90448,537.94458,537.883789,537.997131,537.963501,537.932373,538.017517,538.052917,538.065063,538.010742,538.101562,538.169495,538.189148,535.914673,536.045532,535.998352,535.91394,535.800598,535.696838,535.622864,535.531982,535.483337,535.406494,535.375,535.294189,535.217651,535.163635,535.080688,535.010559,534.963013,534.923645,534.892212,534.786682,534.773804,534.720154,534.677246,534.655823,534.594299,534.560303,534.533875,534.487732,534.458374,534.417297,PAR,6987.300293,6987.300293,6987.300293,6987.300293,6987.300293,6987.300293,6987.300293,6987.300293,6987.300293,6987.300293,6987.300293,6987.300293,6987.300293,6987.300293,6987.300293,6987.300293,6987.300293,6987.300293,6987.300293,6987.300293,6987.300293,6987.300293,6987.300293,6987.300293,6987.300293,6987.300293,6987.300293,6987.300293,6987.300293,6987.300293,6929.077148,6870.854004,6812.630859,6754.407715,6696.18457,6637.961914,6579.73877,6521.515625,6463.29248,6405.069336,6346.84668,6288.623535,6230.400391,6172.177246,6113.954102,6055.730957,5997.508301,5939.285156,5881.062012,5822.838867,5764.615723,5706.393066,5648.169922,5589.946777,5531.723633,5473.500488,5415.277344,5357.054688,5298.831543,5240.608398,6987.300293,6987.300293,6987.300293,6987.300293,6987.300293,6987.300293,6987.300293,6987.300293,6987.300293,6987.300293,6987.300293,6987.300293,6987.300293,6987.300293,6987.300293,6987.300293,6987.300293,6987.300293,6987.300293,6987.300293,6987.300293,6987.300293,6987.300293,6987.300293,6987.300293,6987.300293,6987.300293,6987.300293,6987.300293,6987.300293,PHASE,1,1,1,1,1,1,1,1,1,1,1,1,1,1,1,1,1,1,1,1,1,1,1,1,1,1,1,1,1,1,2,2,2,2,2,2,2,2,2,2,2,2,2,2,2,2,2,2,2,2,2,2,2,2,2,2,2,2,2,2,3,3,3,3,3,3,3,3,3,3,3,3,3,3,3,3,3,3,3,3,3,3,3,3,3,3,3,3,3,3,FLASH_END
21,6:17:06,7/1/2026,Auto gsw+F,LI-COR Default,,021,,,-0.011016,2.919251,-0.011057,-0.118944,2.364175,2.367061,3.283238,0.919063,26.818424,26.785727,37.198566,0.441786,7.5,PSF-00548_20260701071706_be6,0,0,0,132.279388,545.127869,0.757342,0.5,0.8,1.602301,1,69.81,69.89,26.06,25.54,25.54,88.26,156.4,155.3,0.7,5,4.075,7:16:17,7/1/2026,0.35,1,0.003,0,-9999,2.182,4.258,-9999,1,150,0.005,2,0.058905,0,0.02923,0,0,-0.000068,standard,0,mpf,7000,500,5,2,300,300,300,545.127869,25,4.145278,543.262451,551.060486,-7.798035,2.494683,2.477635,1.657386,0.928643,0.261423,-0.005395,0.282282,0.11186,132.279388,0.000222,2.389264,-0.000064,1,2.373994,-0.00005,1,0.600671,0.600225,0.107215,0,PSF-00548_20260701071706_be6,PFA-00618,PSA-00618,PSF-00548,RHS-0688,3.0.0,2022-04-21T19:36:20.491Z,MEASUREMENT_END,,,,,,,,,,,,,,,,,,,,,,,,,,,,,,,,,,,,,,,,,,,,,,,,,,,,,,,,,,,,,,,,,,,,,,,,,,,,,,,,,,,,,,,,,,,,,,,,,,,,,,,,,,,,,,,,,,,,,,,,,,,,,,,,,,,,,,,,,,,,,,,,,,,,,,,,,,,,,,,,,,,,,,,,,,,,,,,,,,,,,,,,,,,,,,,,,,,,,,,,,,,,,,,,,,,,,,,,,,,,,,,,,,,,,,,,,,,,,,,,,,,,,,,,,,,,,,,,,,,,,,,,,,,,,,
PSF-00548_20260701071706_be6,6:17:06,7/1/2026,PFA-00618,PSA-00618,PSF-00548,0,0,0,545.127869,132.279388,0.757342,11.967581,TIME,0,0.01,0.02,0.03,0.04,0.05,0.06,0.07,0.08,0.09,0.1,0.11,0.12,0.13,0.14,0.15,0.16,0.17,0.18,0.19,0.2,0.21,0.22,0.23,0.24,0.25,0.26,0.27,0.28,0.29,0.3,0.31,0.32,0.33,0.34,0.35,0.36,0.37,0.38,0.39,0.4,0.41,0.42,0.43,0.44,0.45,0.46,0.47,0.48,0.49,0.5,0.51,0.52,0.53,0.54,0.55,0.56,0.57,0.58,0.59,0.6,0.61,0.62,0.63,0.64,0.65,0.66,0.67,0.68,0.69,0.7,0.71,0.72,0.73,0.74,0.75,0.76,0.77,0.78,0.79,0.8,0.81,0.82,0.83,0.839999,0.849999,0.859999,0.869999,0.879999,0.889999,FLR,329.016937,470.111847,513.885864,531.89563,539.559265,542.951721,544.415833,544.970886,545.127869,545.024536,544.907898,544.724121,544.593933,544.486633,544.413696,544.340027,544.296753,544.289246,544.272766,544.220215,544.235229,544.189453,544.170166,544.174805,544.15332,544.136536,544.102539,544.07251,544.065002,544.045349,544.079651,544.208435,544.204102,544.361816,544.326782,544.5224,544.488403,544.618958,544.592163,544.699402,544.872498,544.811035,544.97052,544.946167,545.073486,545.177246,545.122864,545.225525,545.362122,545.332092,545.487976,545.531616,545.537354,545.661072,545.739441,545.816284,545.795898,545.87677,545.994019,546.055542,543.262451,543.249268,543.175598,543.12262,543.002136,542.915222,542.800049,542.703857,542.61377,542.477478,542.403442,542.268982,542.176392,542.070862,541.938538,541.834839,541.747559,541.656738,541.553406,541.422119,541.337036,541.172119,541.046997,540.931091,540.760132,540.624268,540.483337,540.371399,540.264832,540.116089,PAR,6987.300293,6987.300293,6987.300293,6987.300293,6987.300293,6987.300293,6987.300293,6987.300293,6987.300293,6987.300293,6987.300293,6987.300293,6987.300293,6987.300293,6987.300293,6987.300293,6987.300293,6987.300293,6987.300293,6987.300293,6987.300293,6987.300293,6987.300293,6987.300293,6987.300293,6987.300293,6987.300293,6987.300293,6987.300293,6987.300293,6929.077148,6870.854004,6812.630859,6754.407715,6696.18457,6637.961914,6579.73877,6521.515625,6463.29248,6405.069336,6346.84668,6288.623535,6230.400391,6172.177246,6113.954102,6055.730957,5997.508301,5939.285156,5881.062012,5822.838867,5764.615723,5706.393066,5648.169922,5589.946777,5531.723633,5473.500488,5415.277344,5357.054688,5298.831543,5240.608398,6987.300293,6987.300293,6987.300293,6987.300293,6987.300293,6987.300293,6987.300293,6987.300293,6987.300293,6987.300293,6987.300293,6987.300293,6987.300293,6987.300293,6987.300293,6987.300293,6987.300293,6987.300293,6987.300293,6987.300293,6987.300293,6987.300293,6987.300293,6987.300293,6987.300293,6987.300293,6987.300293,6987.300293,6987.300293,6987.300293,PHASE,1,1,1,1,1,1,1,1,1,1,1,1,1,1,1,1,1,1,1,1,1,1,1,1,1,1,1,1,1,1,2,2,2,2,2,2,2,2,2,2,2,2,2,2,2,2,2,2,2,2,2,2,2,2,2,2,2,2,2,2,3,3,3,3,3,3,3,3,3,3,3,3,3,3,3,3,3,3,3,3,3,3,3,3,3,3,3,3,3,3,FLASH_END
22,6:17:45,7/1/2026,Auto gsw+F,LI-COR Default,,022,,,0.00504,2.918014,0.005031,0.055037,2.372096,2.370759,3.306299,0.934203,26.868238,26.883383,37.470875,0.441786,7.5,PSF-00548_20260701071745_e4a,0,0,0,107.24115,456.285248,0.764969,0.5,0.8,3.004604,1,69.55,69.51,26.18,25.66,25.66,88.24,156.2,155.2,0.7,10,4.076,7:17:23,7/1/2026,0.35,1,0.006,0.002,-9999,0.483,0.941,-9999,1,150,0.005,2,0.058905,0,0.02923,0,0,-0.000068,standard,0,mpf,7000,500,5,2,300,300,300,456.285248,25,2.908967,456.942566,460.448456,-3.50589,2.494144,2.47726,1.656114,0.928295,0.260199,-0.005406,0.286078,0.115839,107.24115,0.000227,2.389264,-0.000064,1,2.373994,-0.00005,1,0.600671,0.600225,0.107215,0,PSF-00548_20260701071745_e4a,PFA-00618,PSA-00618,PSF-00548,RHS-0688,3.0.0,2022-04-21T19:36:20.491Z,MEASUREMENT_END,,,,,,,,,,,,,,,,,,,,,,,,,,,,,,,,,,,,,,,,,,,,,,,,,,,,,,,,,,,,,,,,,,,,,,,,,,,,,,,,,,,,,,,,,,,,,,,,,,,,,,,,,,,,,,,,,,,,,,,,,,,,,,,,,,,,,,,,,,,,,,,,,,,,,,,,,,,,,,,,,,,,,,,,,,,,,,,,,,,,,,,,,,,,,,,,,,,,,,,,,,,,,,,,,,,,,,,,,,,,,,,,,,,,,,,,,,,,,,,,,,,,,,,,,,,,,,,,,,,,,,,,,,,,,,
PSF-00548_20260701071745_e4a,6:17:45,7/1/2026,PFA-00618,PSA-00618,PSF-00548,0,0,0,456.285248,107.24115,0.764969,16.497723,TIME,0,0.01,0.02,0.03,0.04,0.05,0.06,0.07,0.08,0.09,0.1,0.11,0.12,0.13,0.14,0.15,0.16,0.17,0.18,0.19,0.2,0.21,0.22,0.23,0.24,0.25,0.26,0.27,0.28,0.29,0.3,0.31,0.32,0.33,0.34,0.35,0.36,0.37,0.38,0.39,0.4,0.41,0.42,0.43,0.44,0.45,0.46,0.47,0.48,0.49,0.5,0.51,0.52,0.53,0.54,0.55,0.56,0.57,0.58,0.59,0.6,0.61,0.62,0.63,0.64,0.65,0.66,0.67,0.68,0.69,0.7,0.71,0.72,0.73,0.74,0.75,0.76,0.77,0.78,0.79,0.8,0.81,0.82,0.83,0.839999,0.849999,0.859999,0.869999,0.879999,0.889999,FLR,259.404663,388.368134,426.738037,442.860962,449.833984,453.070526,454.601898,455.330719,455.711243,455.890411,456.026672,456.062439,456.122528,456.159698,456.175446,456.201904,456.234802,456.25412,456.253418,456.244812,456.285248,456.23053,456.226227,456.246613,456.209076,456.210144,456.21048,456.198334,456.215851,456.177246,456.201202,456.258423,456.24054,456.356415,456.315277,456.40863,456.401123,456.442596,456.454742,456.503754,456.60495,456.545593,456.637146,456.635712,456.687561,456.783783,456.766968,456.83313,456.918243,456.91394,457.039825,457.060944,457.091675,457.183228,457.239746,457.323425,457.323059,457.412109,457.530487,457.595947,456.372498,456.569916,456.606384,456.620697,456.606384,456.598511,456.600677,456.609253,456.645355,456.653595,456.695435,456.675415,456.681488,456.690796,456.717621,456.739441,456.747284,456.752655,456.792725,456.804504,456.847443,456.828461,456.84314,456.862457,456.883911,456.893921,456.883911,456.897858,456.940765,456.942566,PAR,6987.300293,6987.300293,6987.300293,6987.300293,6987.300293,6987.300293,6987.300293,6987.300293,6987.300293,6987.300293,6987.300293,6987.300293,6987.300293,6987.300293,6987.300293,6987.300293,6987.300293,6987.300293,6987.300293,6987.300293,6987.300293,6987.300293,6987.300293,6987.300293,6987.300293,6987.300293,6987.300293,6987.300293,6987.300293,6987.300293,6929.077148,6870.854004,6812.630859,6754.407715,6696.18457,6637.961914,6579.73877,6521.515625,6463.29248,6405.069336,6346.84668,6288.623535,6230.400391,6172.177246,6113.954102,6055.730957,5997.508301,5939.285156,5881.062012,5822.838867,5764.615723,5706.393066,5648.169922,5589.946777,5531.723633,5473.500488,5415.277344,5357.054688,5298.831543,5240.608398,6987.300293,6987.300293,6987.300293,6987.300293,6987.300293,6987.300293,6987.300293,6987.300293,6987.300293,6987.300293,6987.300293,6987.300293,6987.300293,6987.300293,6987.300293,6987.300293,6987.300293,6987.300293,6987.300293,6987.300293,6987.300293,6987.300293,6987.300293,6987.300293,6987.300293,6987.300293,6987.300293,6987.300293,6987.300293,6987.300293,PHASE,1,1,1,1,1,1,1,1,1,1,1,1,1,1,1,1,1,1,1,1,1,1,1,1,1,1,1,1,1,1,2,2,2,2,2,2,2,2,2,2,2,2,2,2,2,2,2,2,2,2,2,2,2,2,2,2,2,2,2,2,3,3,3,3,3,3,3,3,3,3,3,3,3,3,3,3,3,3,3,3,3,3,3,3,3,3,3,3,3,3,FLASH_END
23,6:18:01,7/1/2026,Auto gsw+F,LI-COR Default,,023,,,0.029273,2.918473,0.028983,0.307903,2.383363,2.375891,3.290643,0.907279,26.925791,27.010469,37.292595,0.441786,7.5,PSF-00548_20260701071801_67b,0,0,0,102.758286,484.020355,0.787698,0.5,0.8,2.16164,1,69.71,69.49,26.22,25.58,25.58,88.24,156.3,155.1,0.8,7,4.074,7:17:23,7/1/2026,0.35,1,0,0.002,0.013,0.369,0.799,1.486,1,150,0.005,2,0.058905,0,0.02923,0,0,-0.000068,standard,0,mpf,7000,500,5,2,300,300,300,484.020355,25,0.174538,484.611511,484.270142,0.34137,2.494102,2.477455,1.656585,0.928054,0.259766,-0.006769,0.287499,0.11324,102.758286,0.000223,2.389264,-0.000064,1,2.373994,-0.00005,1,0.600671,0.600225,0.107215,0,PSF-00548_20260701071801_67b,PFA-00618,PSA-00618,PSF-00548,RHS-0688,3.0.0,2022-04-21T19:36:20.491Z,MEASUREMENT_END,,,,,,,,,,,,,,,,,,,,,,,,,,,,,,,,,,,,,,,,,,,,,,,,,,,,,,,,,,,,,,,,,,,,,,,,,,,,,,,,,,,,,,,,,,,,,,,,,,,,,,,,,,,,,,,,,,,,,,,,,,,,,,,,,,,,,,,,,,,,,,,,,,,,,,,,,,,,,,,,,,,,,,,,,,,,,,,,,,,,,,,,,,,,,,,,,,,,,,,,,,,,,,,,,,,,,,,,,,,,,,,,,,,,,,,,,,,,,,,,,,,,,,,,,,,,,,,,,,,,,,,,,,,,,,
PSF-00548_20260701071801_67b,6:18:01,7/1/2026,PFA-00618,PSA-00618,PSF-00548,0,0,0,484.020355,102.758286,0.787698,13.53898,TIME,0,0.01,0.02,0.03,0.04,0.05,0.06,0.07,0.08,0.09,0.1,0.11,0.12,0.13,0.14,0.15,0.16,0.17,0.18,0.19,0.2,0.21,0.22,0.23,0.24,0.25,0.26,0.27,0.28,0.29,0.3,0.31,0.32,0.33,0.34,0.35,0.36,0.37,0.38,0.39,0.4,0.41,0.42,0.43,0.44,0.45,0.46,0.47,0.48,0.49,0.5,0.51,0.52,0.53,0.54,0.55,0.56,0.57,0.58,0.59,0.6,0.61,0.62,0.63,0.64,0.65,0.66,0.67,0.68,0.69,0.7,0.71,0.72,0.73,0.74,0.75,0.76,0.77,0.78,0.79,0.8,0.81,0.82,0.83,0.839999,0.849999,0.859999,0.869999,0.879999,0.889999,FLR,251.533981,387.610687,437.171814,461.510895,472.781525,478.109131,480.666504,481.948975,482.630615,483.016479,483.280426,483.417755,483.554016,483.685974,483.751404,483.801117,483.86084,483.919128,483.948456,483.952759,484.007843,483.991028,483.978149,484.020355,484.004974,483.998535,483.982788,483.988525,483.981018,483.955627,484.000671,483.998901,483.94812,484.022156,483.971344,484.023224,483.988159,484.01535,483.980286,483.982788,484.072937,483.988892,484.012848,483.981384,484.014618,483.977081,483.950623,483.975281,483.994232,483.952759,484.056458,484.008911,484.000336,484.050385,484.024994,484.055054,484.038239,484.076508,484.105835,484.093323,483.415955,483.79361,483.855835,483.894104,483.849396,483.860138,483.844055,483.842255,483.855499,483.846191,483.905914,483.885529,483.918793,483.929871,483.953827,483.986389,484.004974,484.033569,484.084015,484.136597,484.202393,484.199524,484.247101,484.290375,484.326111,484.373688,484.435913,484.484924,484.553925,484.611511,PAR,6987.300293,6987.300293,6987.300293,6987.300293,6987.300293,6987.300293,6987.300293,6987.300293,6987.300293,6987.300293,6987.300293,6987.300293,6987.300293,6987.300293,6987.300293,6987.300293,6987.300293,6987.300293,6987.300293,6987.300293,6987.300293,6987.300293,6987.300293,6987.300293,6987.300293,6987.300293,6987.300293,6987.300293,6987.300293,6987.300293,6929.077148,6870.854004,6812.630859,6754.407715,6696.18457,6637.961914,6579.73877,6521.515625,6463.29248,6405.069336,6346.84668,6288.623535,6230.400391,6172.177246,6113.954102,6055.730957,5997.508301,5939.285156,5881.062012,5822.838867,5764.615723,5706.393066,5648.169922,5589.946777,5531.723633,5473.500488,5415.277344,5357.054688,5298.831543,5240.608398,6987.300293,6987.300293,6987.300293,6987.300293,6987.300293,6987.300293,6987.300293,6987.300293,6987.300293,6987.300293,6987.300293,6987.300293,6987.300293,6987.300293,6987.300293,6987.300293,6987.300293,6987.300293,6987.300293,6987.300293,6987.300293,6987.300293,6987.300293,6987.300293,6987.300293,6987.300293,6987.300293,6987.300293,6987.300293,6987.300293,PHASE,1,1,1,1,1,1,1,1,1,1,1,1,1,1,1,1,1,1,1,1,1,1,1,1,1,1,1,1,1,1,2,2,2,2,2,2,2,2,2,2,2,2,2,2,2,2,2,2,2,2,2,2,2,2,2,2,2,2,2,2,3,3,3,3,3,3,3,3,3,3,3,3,3,3,3,3,3,3,3,3,3,3,3,3,3,3,3,3,3,3,FLASH_END
24,6:18:12,7/1/2026,Auto gsw+F,LI-COR Default,,024,,,0.030366,2.91969,0.030054,0.321346,2.390944,2.383155,3.303958,0.913014,27.008873,27.097155,37.444557,0.441786,7.5,PSF-00548_20260701071812_dcc,0,0,0,111.284134,489.448425,0.772634,0.5,0.8,1.788816,1,69.82,69.59,26.25,25.64,25.64,88.24,156.5,155.3,0.8,6,4.071,7:17:23,7/1/2026,0.35,1,-0.006,0,-9999,0.344,0.651,-9999,1,150,0.005,2,0.058905,0,0.02923,0,0,-0.000068,standard,0,mpf,7000,500,5,2,300,300,300,489.448425,25,-0.207264,488.223206,489.151794,-0.928589,2.494218,2.477582,1.657838,0.928433,0.25947,-0.006333,0.288475,0.112298,111.284134,0.000226,2.389264,-0.000064,1,2.373994,-0.00005,1,0.600671,0.600225,0.107215,0,PSF-00548_20260701071812_dcc,PFA-00618,PSA-00618,PSF-00548,RHS-0688,3.0.0,2022-04-21T19:36:20.491Z,MEASUREMENT_END,,,,,,,,,,,,,,,,,,,,,,,,,,,,,,,,,,,,,,,,,,,,,,,,,,,,,,,,,,,,,,,,,,,,,,,,,,,,,,,,,,,,,,,,,,,,,,,,,,,,,,,,,,,,,,,,,,,,,,,,,,,,,,,,,,,,,,,,,,,,,,,,,,,,,,,,,,,,,,,,,,,,,,,,,,,,,,,,,,,,,,,,,,,,,,,,,,,,,,,,,,,,,,,,,,,,,,,,,,,,,,,,,,,,,,,,,,,,,,,,,,,,,,,,,,,,,,,,,,,,,,,,,,,,,,
PSF-00548_20260701071812_dcc,6:18:12,7/1/2026,PFA-00618,PSA-00618,PSF-00548,0,0,0,489.448425,111.284134,0.772634,12.466406,TIME,0,0.01,0.02,0.03,0.04,0.05,0.06,0.07,0.08,0.09,0.1,0.11,0.12,0.13,0.14,0.15,0.16,0.17,0.18,0.19,0.2,0.21,0.22,0.23,0.24,0.25,0.26,0.27,0.28,0.29,0.3,0.31,0.32,0.33,0.34,0.35,0.36,0.37,0.38,0.39,0.4,0.41,0.42,0.43,0.44,0.45,0.46,0.47,0.48,0.49,0.5,0.51,0.52,0.53,0.54,0.55,0.56,0.57,0.58,0.59,0.6,0.61,0.62,0.63,0.64,0.65,0.66,0.67,0.68,0.69,0.7,0.71,0.72,0.73,0.74,0.75,0.76,0.77,0.78,0.79,0.8,0.81,0.82,0.83,0.839999,0.849999,0.859999,0.869999,0.879999,0.889999,FLR,269.032349,408.511871,452.890289,472.271912,480.823151,484.913696,486.978302,488.040802,488.624817,488.90448,489.104736,489.195953,489.292847,489.357239,489.413025,489.427338,489.436279,489.428772,489.424835,489.407288,489.448425,489.393341,489.350433,489.332916,489.282501,489.268188,489.225616,489.202026,489.186279,489.124054,489.101166,489.14444,489.077911,489.167694,489.088654,489.150879,489.099731,489.133728,489.09259,489.119781,489.170563,489.074707,489.111542,489.084015,489.115845,489.117615,489.087952,489.081512,489.095795,489.060394,489.11261,489.040741,489.003906,489.024628,489.018188,489.030731,489.027863,489.053253,489.095459,489.069336,487.927094,488.192078,488.223206,488.199219,488.15274,488.10733,488.052246,488.021484,487.985382,487.946381,487.950317,487.893097,487.873779,487.845551,487.818359,487.815491,487.777954,487.780823,487.787598,487.777954,487.816223,487.770447,487.774384,487.827301,487.799408,487.809052,487.833374,487.858429,487.892395,487.883453,PAR,6987.300293,6987.300293,6987.300293,6987.300293,6987.300293,6987.300293,6987.300293,6987.300293,6987.300293,6987.300293,6987.300293,6987.300293,6987.300293,6987.300293,6987.300293,6987.300293,6987.300293,6987.300293,6987.300293,6987.300293,6987.300293,6987.300293,6987.300293,6987.300293,6987.300293,6987.300293,6987.300293,6987.300293,6987.300293,6987.300293,6929.077148,6870.854004,6812.630859,6754.407715,6696.18457,6637.961914,6579.73877,6521.515625,6463.29248,6405.069336,6346.84668,6288.623535,6230.400391,6172.177246,6113.954102,6055.730957,5997.508301,5939.285156,5881.062012,5822.838867,5764.615723,5706.393066,5648.169922,5589.946777,5531.723633,5473.500488,5415.277344,5357.054688,5298.831543,5240.608398,6987.300293,6987.300293,6987.300293,6987.300293,6987.300293,6987.300293,6987.300293,6987.300293,6987.300293,6987.300293,6987.300293,6987.300293,6987.300293,6987.300293,6987.300293,6987.300293,6987.300293,6987.300293,6987.300293,6987.300293,6987.300293,6987.300293,6987.300293,6987.300293,6987.300293,6987.300293,6987.300293,6987.300293,6987.300293,6987.300293,PHASE,1,1,1,1,1,1,1,1,1,1,1,1,1,1,1,1,1,1,1,1,1,1,1,1,1,1,1,1,1,1,2,2,2,2,2,2,2,2,2,2,2,2,2,2,2,2,2,2,2,2,2,2,2,2,2,2,2,2,2,2,3,3,3,3,3,3,3,3,3,3,3,3,3,3,3,3,3,3,3,3,3,3,3,3,3,3,3,3,3,3,FLASH_END
