dt,date,period,individual,leaf,canopy,time,wp,comments
2026-06-25T10:49:00Z,2026-06-25,PD,1,1,Lower canopy,03:49:00,-0.5,NA
2026-06-25T10:52:00Z,2026-06-25,PD,1,2,Lower canopy,03:52:00,-0.2,NA
2026-06-25T10:54:00Z,2026-06-25,PD,1,3,Lower canopy,03:54:00,-0.25,NA
2026-06-25T10:58:00Z,2026-06-25,PD,1,1,Upper canopy,03:58:00,-0.3,NA
2026-06-25T11:00:00Z,2026-06-25,PD,1,2,Upper canopy,04:00:00,-0.3,NA
2026-06-25T11:01:00Z,2026-06-25,PD,1,3,Upper canopy,04:01:00,-0.35,NA
2026-06-25T11:08:00Z,2026-06-25,PD,2,1,Lower canopy,04:08:00,-0.3,NA
2026-06-25T11:09:00Z,2026-06-25,PD,2,2,Lower canopy,04:09:00,-0.3,NA
2026-06-25T11:10:00Z,2026-06-25,PD,2,3,Lower canopy,04:10:00,-0.25,NA
2026-06-25T11:16:00Z,2026-06-25,PD,2,1,Upper canopy,04:16:00,-0.15,NA
2026-06-25T11:18:00Z,2026-06-25,PD,2,2,Upper canopy,04:18:00,-0.2,NA
2026-06-25T11:19:00Z,2026-06-25,PD,2,3,Upper canopy,04:19:00,-0.3,NA
2026-06-25T11:25:00Z,2026-06-25,PD,3,1,Lower canopy,04:25:00,-0.3,NA
2026-06-25T11:27:00Z,2026-06-25,PD,3,2,Lower canopy,04:27:00,-0.2,NA
2026-06-25T11:28:00Z,2026-06-25,PD,3,3,Lower canopy,04:28:00,-0.2,NA
2026-06-25T11:34:00Z,2026-06-25,PD,3,1,Upper canopy,04:34:00,-0.1,NA
2026-06-25T11:36:00Z,2026-06-25,PD,3,2,Upper canopy,04:36:00,-0.35,NA
2026-06-25T11:41:00Z,2026-06-25,PD,4,1,Lower canopy,04:41:00,-0.25,NA
2026-06-25T11:42:00Z,2026-06-25,PD,4,2,Lower canopy,04:42:00,-0.2,NA
2026-06-25T11:45:00Z,2026-06-25,PD,4,3,Lower canopy,04:45:00,-0.3,NA
2026-06-25T11:51:00Z,2026-06-25,PD,4,1,Upper canopy,04:51:00,-0.4,NA
2026-06-25T11:52:00Z,2026-06-25,PD,4,2,Upper canopy,04:52:00,-0.2,NA
2026-06-25T11:53:00Z,2026-06-25,PD,4,3,Upper canopy,04:53:00,-0.2,NA
2026-06-25T18:19:00Z,2026-06-25,MD,1,1,Lower canopy,11:19:00,-0.6,NA
2026-06-25T18:20:00Z,2026-06-25,MD,1,2,Lower canopy,11:20:00,-0.45,NA
2026-06-25T18:25:00Z,2026-06-25,MD,1,1,Upper canopy,11:25:00,-0.8,NA
2026-06-25T18:27:00Z,2026-06-25,MD,1,2,Upper canopy,11:27:00,-0.6,NA
2026-06-25T18:33:00Z,2026-06-25,MD,2,1,Lower canopy,11:33:00,-0.6,NA
2026-06-25T18:35:00Z,2026-06-25,MD,2,2,Lower canopy,11:35:00,-0.7,NA
2026-06-25T18:40:00Z,2026-06-25,MD,2,1,Upper canopy,11:40:00,-1,NA
2026-06-25T18:41:00Z,2026-06-25,MD,2,2,Upper canopy,11:41:00,-0.9,NA
2026-06-25T18:47:00Z,2026-06-25,MD,3,1,Lower canopy,11:47:00,-0.7,NA
2026-06-25T18:48:00Z,2026-06-25,MD,3,2,Lower canopy,11:48:00,-0.6,NA
2026-06-25T18:54:00Z,2026-06-25,MD,3,1,Upper canopy,11:54:00,-0.7,NA
2026-06-25T18:55:00Z,2026-06-25,MD,3,2,Upper canopy,11:55:00,-0.7,NA
2026-06-25T18:59:00Z,2026-06-25,MD,4,1,Lower canopy,11:59:00,-1.05,NA
2026-06-25T19:00:00Z,2026-06-25,MD,4,2,Lower canopy,12:00:00,-0.7,NA
2026-06-25T19:04:00Z,2026-06-25,MD,4,1,Upper canopy,12:04:00,-1.05,NA
2026-06-25T19:06:00Z,2026-06-25,MD,4,2,Upper canopy,12:06:00,-0.95,NA
2026-07-02T11:53:00Z,2026-07-02,PD,1,2,Lower canopy,04:53:00,-0.45,NA
2026-07-02T11:56:00Z,2026-07-02,PD,1,1,Upper canopy,04:56:00,-0.7,NA
2026-07-02T11:59:00Z,2026-07-02,PD,1,2,Upper canopy,04:59:00,-0.4,NA
2026-07-02T12:03:00Z,2026-07-02,PD,2,1,Lower canopy,05:03:00,-0.4,NA
2026-07-02T12:03:00Z,2026-07-02,PD,2,2,Lower canopy,05:03:00,-0.5,NA
2026-07-02T12:08:00Z,2026-07-02,PD,2,1,Upper canopy,05:08:00,-0.1,NA
2026-07-02T12:09:00Z,2026-07-02,PD,2,2,Upper canopy,05:09:00,-0.2,NA
2026-07-02T12:13:00Z,2026-07-02,PD,3,1,Lower canopy,05:13:00,-0.75,NA
2026-07-02T12:13:00Z,2026-07-02,PD,3,2,Lower canopy,05:13:00,-0.4,NA
2026-07-02T12:17:00Z,2026-07-02,PD,3,1,Upper canopy,05:17:00,-0.2,NA
2026-07-02T12:18:00Z,2026-07-02,PD,3,2,Upper canopy,05:18:00,-0.35,NA
2026-07-02T12:22:00Z,2026-07-02,PD,4,1,Lower canopy,05:22:00,-0.4,NA
2026-07-02T12:22:00Z,2026-07-02,PD,4,2,Lower canopy,05:22:00,-0.35,NA
2026-07-02T12:26:00Z,2026-07-02,PD,4,1,Upper canopy,05:26:00,-0.3,NA
2026-07-02T12:26:00Z,2026-07-02,PD,4,2,Upper canopy,05:26:00,-0.4,NA
2026-07-02T17:38:00Z,2026-07-02,MD,1,1,Lower canopy,10:38:00,-0.5,NA
2026-07-02T17:40:00Z,2026-07-02,MD,1,2,Lower canopy,10:40:00,-0.7,NA
2026-07-02T17:43:00Z,2026-07-02,MD,1,1,Upper canopy,10:43:00,-0.6,NA
2026-07-02T17:45:00Z,2026-07-02,MD,1,2,Upper canopy,10:45:00,-0.8,NA
2026-07-02T17:52:00Z,2026-07-02,MD,2,1,Lower canopy,10:52:00,-1,NA
2026-07-02T17:55:00Z,2026-07-02,MD,2,2,Lower canopy,10:55:00,-1.75,NA
2026-07-02T18:00:00Z,2026-07-02,MD,2,1,Upper canopy,11:00:00,-1.9,NA
2026-07-02T18:02:00Z,2026-07-02,MD,2,2,Upper canopy,11:02:00,-2,NA
2026-07-02T18:12:00Z,2026-07-02,MD,3,1,Lower canopy,11:12:00,-1.8,NA
2026-07-02T18:14:00Z,2026-07-02,MD,3,2,Lower canopy,11:14:00,-1.6,NA
2026-07-02T18:29:00Z,2026-07-02,MD,3,1,Upper canopy,11:29:00,-0.95,NA
2026-07-02T18:31:00Z,2026-07-02,MD,3,2,Upper canopy,11:31:00,-1,NA
2026-07-02T18:35:00Z,2026-07-02,MD,4,1,Lower canopy,11:35:00,-2,NA
2026-07-02T18:37:00Z,2026-07-02,MD,4,2,Lower canopy,11:37:00,-1.85,NA
2026-07-02T18:42:00Z,2026-07-02,MD,4,1,Upper canopy,11:42:00,-2,NA
2026-07-02T18:44:00Z,2026-07-02,MD,4,2,Upper canopy,11:44:00,-2.1,NA
